#
# There is insufficient memory for the Java Runtime Environment to continue.
# Native memory allocation (mmap) failed to map 356515840 bytes. Error detail: G1 virtual space
# Possible reasons:
#   The system is out of physical RAM or swap space
#   This process is running with CompressedOops enabled, and the Java Heap may be blocking the growth of the native heap
# Possible solutions:
#   Reduce memory load on the system
#   Increase physical memory or swap space
#   Check if swap backing store is full
#   Decrease Java heap size (-Xmx/-Xms)
#   Decrease number of Java threads
#   Decrease Java thread stack sizes (-Xss)
#   Set larger code cache with -XX:ReservedCodeCacheSize=
#   JVM is running with Unscaled Compressed Oops mode in which the Java heap is
#     placed in the first 4GB address space. The Java Heap base address is the
#     maximum limit for the native heap growth. Please use -XX:HeapBaseMinAddress
#     to set the Java Heap base and to place the Java Heap above 4GB virtual address.
# This output file may be truncated or incomplete.
#
#  Out of Memory Error (os_windows.cpp:3554), pid=18480, tid=28896
#
# JRE version: Java(TM) SE Runtime Environment (25.0.2+10) (build 25.0.2+10-LTS-69)
# Java VM: Java HotSpot(TM) 64-Bit Server VM (25.0.2+10-LTS-69, mixed mode, emulated-client, sharing, tiered, compressed oops, compressed class ptrs, g1 gc, windows-amd64)
# No core dump will be written. Minidumps are not enabled by default on client versions of Windows
#

---------------  S U M M A R Y ------------

Command Line: -Dquarkus-internal.serialized-app-model.path=C:\Users\amand\OneDrive\Área de Trabalho\ecommerce-top-admin-main\target\quarkus\bootstrap\dev-app-model.dat -javaagent:C:\Users\amand\.m2\repository\io\quarkus\quarkus-class-change-agent\3.31.3\quarkus-class-change-agent-3.31.3.jar -XX:TieredStopAtLevel=1 -agentlib:jdwp=transport=dt_socket,address=localhost:5005,server=y,suspend=n --add-opens=java.base/java.lang=ALL-UNNAMED -XX:+EnableDynamicAgentLoading -Djava.util.logging.manager=org.jboss.logmanager.LogManager --add-opens=java.base/java.lang.invoke=ALL-UNNAMED --add-exports=java.base/jdk.internal.module=ALL-UNNAMED C:\Users\amand\OneDrive\Área de Trabalho\ecommerce-top-admin-main\target\ecommerce-top-admin-dev.jar

Host: 13th Gen Intel(R) Core(TM) i5-1335U, 12 cores, 7G,  Windows 11 , 64 bit Build 26100 (10.0.26100.8328)
Time: Thu Jun  4 19:22:34 2026 Horário Padrão de Tocantins elapsed time: 417.749868 seconds (0d 0h 6m 57s)

---------------  T H R E A D  ---------------

Current thread (0x000001ec151481f0):  VMThread "VM Thread"          [id=28896, stack(0x000000ce85900000,0x000000ce85a00000) (1024K)]

Stack: [0x000000ce85900000,0x000000ce85a00000]
Native frames: (J=compiled Java code, j=interpreted, Vv=VM code, C=native code)
V  [jvm.dll+0x7a70f9]  (no source info available)
V  [jvm.dll+0x772d6d]  (no source info available)
V  [jvm.dll+0x965d53]  (no source info available)
V  [jvm.dll+0x968351]  (no source info available)
V  [jvm.dll+0x968a63]  (no source info available)
V  [jvm.dll+0x2fc846]  (no source info available)
V  [jvm.dll+0x7a3325]  (no source info available)
V  [jvm.dll+0x796737]  (no source info available)
V  [jvm.dll+0x3f4988]  (no source info available)
V  [jvm.dll+0x3fc8d6]  (no source info available)
V  [jvm.dll+0x3e8f7e]  (no source info available)
V  [jvm.dll+0x3e9238]  (no source info available)
V  [jvm.dll+0x3c0145]  (no source info available)
V  [jvm.dll+0x3c01da]  (no source info available)
V  [jvm.dll+0x40d5f6]  (no source info available)
V  [jvm.dll+0x40bf1b]  (no source info available)
V  [jvm.dll+0x3bf887]  (no source info available)
V  [jvm.dll+0x40b2ff]  (no source info available)
V  [jvm.dll+0x96ecc1]  (no source info available)
V  [jvm.dll+0x96ffdd]  (no source info available)
V  [jvm.dll+0x970559]  (no source info available)
V  [jvm.dll+0x970803]  (no source info available)
V  [jvm.dll+0x906fcd]  (no source info available)
V  [jvm.dll+0x7a56d5]  (no source info available)
C  [ucrtbase.dll+0x37b0]  (no source info available)
C  [KERNEL32.DLL+0x2e957]  (no source info available)
C  [ntdll.dll+0x427c]  (no source info available)

VM_Operation (0x000000ce89afdc80): G1CollectForAllocation, mode: safepoint, requested by thread 0x000001ec1aa24870


---------------  P R O C E S S  ---------------

Threads class SMR info:
_java_thread_list=0x000001ec24344d50, length=64, elements={
0x000001ec15159b50, 0x000001ec1515b320, 0x000001ec1515ebf0, 0x000001ec1515f7b0,
0x000001ec15161450, 0x000001ec15162010, 0x000001ec1516c780, 0x000001ec152c2870,
0x000001ec1585c7f0, 0x000001ec158a69d0, 0x000001ec158a9120, 0x000001ec15a9d350,
0x000001ec1b30d640, 0x000001ec1c211350, 0x000001ec1c2151d0, 0x000001ec1c2159a0,
0x000001ec1d910020, 0x000001ec1d468140, 0x000001ec1d468910, 0x000001ec234049e0,
0x000001ec234070f0, 0x000001ec234051b0, 0x000001ec1d90f080, 0x000001ec1d90f850,
0x000001ec23323890, 0x000001ec2366e710, 0x000001ec232a4040, 0x000001ec232a3870,
0x000001ec1d2e3810, 0x000001ec233228f0, 0x000001ec23324060, 0x000001ec23319790,
0x000001ec23324830, 0x000001ec2366d770, 0x000001ec2366df40, 0x000001ec1d2e47b0,
0x000001ec2366b060, 0x000001ec24359090, 0x000001ec15209c40, 0x000001ec1d2e5f20,
0x000001ec250f3800, 0x000001ec250f4f70, 0x000001ec1d2e20a0, 0x000001ec1d2e2870,
0x000001ec1d2e66f0, 0x000001ec1aa240a0, 0x000001ec1aa238d0, 0x000001ec1aa23100,
0x000001ec1aa25040, 0x000001ec1aa25810, 0x000001ec1aa25fe0, 0x000001ec1aa22930,
0x000001ec1aa267b0, 0x000001ec1aa26f80, 0x000001ec1aa27750, 0x000001ec1aa27f20,
0x000001ec1aa24870, 0x000001ec1aa286f0, 0x000001ec1aa29690, 0x000001ec1aa28ec0,
0x000001ec1b5eb6e0, 0x000001ec1b5ed620, 0x000001ec1da39800, 0x000001ec1da38090
}

Java Threads: ( => current thread )
  0x000001ec15159b50 JavaThread "Reference Handler"          daemon [_thread_blocked, id=21776, stack(0x000000ce85a00000,0x000000ce85b00000) (1024K)]
  0x000001ec1515b320 JavaThread "Finalizer"                  daemon [_thread_blocked, id=35568, stack(0x000000ce85b00000,0x000000ce85c00000) (1024K)]
  0x000001ec1515ebf0 JavaThread "Signal Dispatcher"          daemon [_thread_blocked, id=14828, stack(0x000000ce85c00000,0x000000ce85d00000) (1024K)]
  0x000001ec1515f7b0 JavaThread "Attach Listener"            daemon [_thread_blocked, id=24500, stack(0x000000ce85d00000,0x000000ce85e00000) (1024K)]
  0x000001ec15161450 JavaThread "Service Thread"             daemon [_thread_blocked, id=25388, stack(0x000000ce85e00000,0x000000ce85f00000) (1024K)]
  0x000001ec15162010 JavaThread "Monitor Deflation Thread"   daemon [_thread_blocked, id=37084, stack(0x000000ce85f00000,0x000000ce86000000) (1024K)]
  0x000001ec1516c780 JavaThread "C1 CompilerThread0"         daemon [_thread_blocked, id=18308, stack(0x000000ce86000000,0x000000ce86100000) (1024K)]
  0x000001ec152c2870 JavaThread "Common-Cleaner"             daemon [_thread_blocked, id=13972, stack(0x000000ce86400000,0x000000ce86500000) (1024K)]
  0x000001ec1585c7f0 JavaThread "JDWP Transport Listener: dt_socket" daemon [_thread_in_native, id=39732, stack(0x000000ce86500000,0x000000ce86600000) (1024K)]
  0x000001ec158a69d0 JavaThread "JDWP Event Helper Thread"   daemon [_thread_blocked, id=24908, stack(0x000000ce86600000,0x000000ce86700000) (1024K)]
  0x000001ec158a9120 JavaThread "Notification Thread"        daemon [_thread_blocked, id=28264, stack(0x000000ce86700000,0x000000ce86800000) (1024K)]
  0x000001ec15a9d350 JavaThread "Reference Reaper #1"        daemon [_thread_blocked, id=22488, stack(0x000000ce86800000,0x000000ce86900000) (1024K)]
  0x000001ec1b30d640 JavaThread "Quarkus Devmode keep alive thread"        [_thread_blocked, id=39396, stack(0x000000ce86c00000,0x000000ce86d00000) (1024K)]
  0x000001ec1c211350 JavaThread "org.aesh.readline.terminal.impl.WinExternalTerminal@4d3536fa input pump thread" daemon [_thread_in_native, id=23000, stack(0x000000ce89600000,0x000000ce89700000) (1024K)]
  0x000001ec1c2151d0 JavaThread "Aesh InputStream Reader"    daemon [_thread_blocked, id=25748, stack(0x000000ce89700000,0x000000ce89800000) (1024K)]
  0x000001ec1c2159a0 JavaThread "Quarkus Terminal Reader"    daemon [_thread_blocked, id=23052, stack(0x000000ce89800000,0x000000ce89900000) (1024K)]
  0x000001ec1d910020 JavaThread "vertx-blocked-thread-checker" daemon [_thread_blocked, id=41028, stack(0x000000ce87d00000,0x000000ce87e00000) (1024K)]
  0x000001ec1d468140 JavaThread "vert.x-eventloop-thread-0"         [_thread_in_native, id=28960, stack(0x000000ce88000000,0x000000ce88100000) (1024K)]
  0x000001ec1d468910 JavaThread "vert.x-eventloop-thread-1"         [_thread_in_native, id=6968, stack(0x000000ce88300000,0x000000ce88400000) (1024K)]
  0x000001ec234049e0 JavaThread "vert.x-acceptor-thread-0"          [_thread_in_native, id=11392, stack(0x000000ce88600000,0x000000ce88700000) (1024K)]
  0x000001ec234070f0 JavaThread "vert.x-eventloop-thread-2"         [_thread_in_native, id=40116, stack(0x000000ce88700000,0x000000ce88800000) (1024K)]
  0x000001ec234051b0 JavaThread "DestroyJavaVM"                     [_thread_blocked, id=36624, stack(0x000000ce85200000,0x000000ce85300000) (1024K)]
  0x000001ec1d90f080 JavaThread "vert.x-worker-thread-1"            [_thread_blocked, id=11008, stack(0x000000ce88800000,0x000000ce88900000) (1024K)]
  0x000001ec1d90f850 JavaThread "vert.x-internal-blocking-1"        [_thread_blocked, id=12808, stack(0x000000ce88900000,0x000000ce88a00000) (1024K)]
  0x000001ec23323890 JavaThread "vert.x-eventloop-thread-3"         [_thread_in_native, id=21872, stack(0x000000ce87600000,0x000000ce87700000) (1024K)]
  0x000001ec2366e710 JavaThread "vert.x-eventloop-thread-4"         [_thread_in_native, id=13276, stack(0x000000ce87700000,0x000000ce87800000) (1024K)]
  0x000001ec232a4040 JavaThread "ForkJoinPool.commonPool-worker-23" daemon [_thread_blocked, id=22180, stack(0x000000ce84f00000,0x000000ce85000000) (1024K)]
  0x000001ec232a3870 JavaThread "ForkJoinPool.commonPool-worker-24" daemon [_thread_blocked, id=35432, stack(0x000000ce85000000,0x000000ce85100000) (1024K)]
  0x000001ec1d2e3810 JavaThread "ForkJoinPool.commonPool-worker-25" daemon [_thread_blocked, id=22720, stack(0x000000ce85100000,0x000000ce85200000) (1024K)]
  0x000001ec233228f0 JavaThread "ForkJoinPool.commonPool-worker-26" daemon [_thread_blocked, id=28696, stack(0x000000ce86d00000,0x000000ce86e00000) (1024K)]
  0x000001ec23324060 JavaThread "ForkJoinPool.commonPool-worker-27" daemon [_thread_blocked, id=23008, stack(0x000000ce86e00000,0x000000ce86f00000) (1024K)]
  0x000001ec23319790 JavaThread "ForkJoinPool.commonPool-worker-29" daemon [_thread_blocked, id=40528, stack(0x000000ce86f00000,0x000000ce87000000) (1024K)]
  0x000001ec23324830 JavaThread "ForkJoinPool.commonPool-worker-28" daemon [_thread_blocked, id=23368, stack(0x000000ce87000000,0x000000ce87100000) (1024K)]
  0x000001ec2366d770 JavaThread "ForkJoinPool.commonPool-worker-30" daemon [_thread_blocked, id=23272, stack(0x000000ce87100000,0x000000ce87200000) (1024K)]
  0x000001ec2366df40 JavaThread "ForkJoinPool.commonPool-worker-31" daemon [_thread_blocked, id=12976, stack(0x000000ce87200000,0x000000ce87300000) (1024K)]
  0x000001ec1d2e47b0 JavaThread "ForkJoinPool.commonPool-worker-32" daemon [_thread_blocked, id=2020, stack(0x000000ce87300000,0x000000ce87400000) (1024K)]
  0x000001ec2366b060 JavaThread "ForkJoinPool.commonPool-worker-33" daemon [_thread_blocked, id=20568, stack(0x000000ce87400000,0x000000ce87500000) (1024K)]
  0x000001ec24359090 JavaThread "C1 CompilerThread1"         daemon [_thread_blocked, id=41708, stack(0x000000ce87500000,0x000000ce87600000) (1024K)]
  0x000001ec15209c40 JavaThread "C1 CompilerThread2"         daemon [_thread_blocked, id=35112, stack(0x000000ce87f00000,0x000000ce88000000) (1024K)]
  0x000001ec1d2e5f20 JavaThread "vert.x-eventloop-thread-5"         [_thread_in_native, id=33864, stack(0x000000ce88100000,0x000000ce88200000) (1024K)]
  0x000001ec250f3800 JavaThread "build-2"                           [_thread_blocked, id=7420, stack(0x000000ce86100000,0x000000ce86200000) (1024K)]
  0x000001ec250f4f70 JavaThread "build-3"                           [_thread_blocked, id=4856, stack(0x000000ce86200000,0x000000ce86300000) (1024K)]
  0x000001ec1d2e20a0 JavaThread "build-4"                           [_thread_blocked, id=39408, stack(0x000000ce88200000,0x000000ce88300000) (1024K)]
  0x000001ec1d2e2870 JavaThread "build-5"                           [_thread_blocked, id=33676, stack(0x000000ce88400000,0x000000ce88500000) (1024K)]
  0x000001ec1d2e66f0 JavaThread "build-6"                           [_thread_blocked, id=29464, stack(0x000000ce88500000,0x000000ce88600000) (1024K)]
  0x000001ec1aa240a0 JavaThread "build-7"                           [_thread_blocked, id=29616, stack(0x000000ce88a00000,0x000000ce88b00000) (1024K)]
  0x000001ec1aa238d0 JavaThread "build-8"                           [_thread_blocked, id=4092, stack(0x000000ce88b00000,0x000000ce88c00000) (1024K)]
  0x000001ec1aa23100 JavaThread "build-9"                           [_thread_blocked, id=13368, stack(0x000000ce88c00000,0x000000ce88d00000) (1024K)]
  0x000001ec1aa25040 JavaThread "build-10"                          [_thread_blocked, id=31532, stack(0x000000ce88d00000,0x000000ce88e00000) (1024K)]
  0x000001ec1aa25810 JavaThread "build-11"                          [_thread_blocked, id=19460, stack(0x000000ce88e00000,0x000000ce88f00000) (1024K)]
  0x000001ec1aa25fe0 JavaThread "build-12"                          [_thread_blocked, id=19556, stack(0x000000ce88f00000,0x000000ce89000000) (1024K)]
  0x000001ec1aa22930 JavaThread "build-13"                          [_thread_blocked, id=32360, stack(0x000000ce89000000,0x000000ce89100000) (1024K)]
  0x000001ec1aa267b0 JavaThread "build-14"                          [_thread_blocked, id=17944, stack(0x000000ce89100000,0x000000ce89200000) (1024K)]
  0x000001ec1aa26f80 JavaThread "build-15"                          [_thread_blocked, id=29468, stack(0x000000ce89200000,0x000000ce89300000) (1024K)]
  0x000001ec1aa27750 JavaThread "build-16"                          [_thread_blocked, id=25712, stack(0x000000ce89300000,0x000000ce89400000) (1024K)]
  0x000001ec1aa27f20 JavaThread "build-17"                          [_thread_blocked, id=15476, stack(0x000000ce89900000,0x000000ce89a00000) (1024K)]
  0x000001ec1aa24870 JavaThread "build-18"                          [_thread_blocked, id=17064, stack(0x000000ce89a00000,0x000000ce89b00000) (1024K)]
  0x000001ec1aa286f0 JavaThread "build-19"                          [_thread_blocked, id=17896, stack(0x000000ce89b00000,0x000000ce89c00000) (1024K)]
  0x000001ec1aa29690 JavaThread "build-20"                          [_thread_blocked, id=29172, stack(0x000000ce89c00000,0x000000ce89d00000) (1024K)]
  0x000001ec1aa28ec0 JavaThread "build-21"                          [_thread_blocked, id=41680, stack(0x000000ce89d00000,0x000000ce89e00000) (1024K)]
  0x000001ec1b5eb6e0 JavaThread "build-22"                          [_thread_blocked, id=5004, stack(0x000000ce89e00000,0x000000ce89f00000) (1024K)]
  0x000001ec1b5ed620 JavaThread "build-23"                          [_thread_blocked, id=40348, stack(0x000000ce89f00000,0x000000ce8a000000) (1024K)]
  0x000001ec1da39800 JavaThread "build-24"                          [_thread_blocked, id=27904, stack(0x000000ce8a000000,0x000000ce8a100000) (1024K)]
  0x000001ec1da38090 JavaThread "build-25"                          [_thread_blocked, id=20120, stack(0x000000ce8a100000,0x000000ce8a200000) (1024K)]
Total: 64

Other Threads:
=>0x000001ec151481f0 VMThread "VM Thread"                           [id=28896, stack(0x000000ce85900000,0x000000ce85a00000) (1024K)]
  0x000001ec15135110 WatcherThread "VM Periodic Task Thread"        [id=29324, stack(0x000000ce85800000,0x000000ce85900000) (1024K)]
  0x000001ec0411f4c0 WorkerThread "GC Thread#0"                     [id=25552, stack(0x000000ce85300000,0x000000ce85400000) (1024K)]
  0x000001ec1a673ad0 WorkerThread "GC Thread#1"                     [id=22968, stack(0x000000ce86900000,0x000000ce86a00000) (1024K)]
  0x000001ec1a673f00 WorkerThread "GC Thread#2"                     [id=33064, stack(0x000000ce86a00000,0x000000ce86b00000) (1024K)]
  0x000001ec1a69a9a0 WorkerThread "GC Thread#3"                     [id=27788, stack(0x000000ce86b00000,0x000000ce86c00000) (1024K)]
  0x000001ec15da25f0 WorkerThread "GC Thread#4"                     [id=26980, stack(0x000000ce86300000,0x000000ce86400000) (1024K)]
  0x000001ec15da6e40 WorkerThread "GC Thread#5"                     [id=26328, stack(0x000000ce87800000,0x000000ce87900000) (1024K)]
  0x000001ec15daf280 WorkerThread "GC Thread#6"                     [id=11248, stack(0x000000ce87900000,0x000000ce87a00000) (1024K)]
  0x000001ec1b7044d0 WorkerThread "GC Thread#7"                     [id=35388, stack(0x000000ce87a00000,0x000000ce87b00000) (1024K)]
  0x000001ec1b707440 WorkerThread "GC Thread#8"                     [id=38440, stack(0x000000ce87b00000,0x000000ce87c00000) (1024K)]
  0x000001ec1b704080 WorkerThread "GC Thread#9"                     [id=32440, stack(0x000000ce87c00000,0x000000ce87d00000) (1024K)]
  0x000001ec041374f0 ConcurrentGCThread "G1 Main Marker"            [id=26868, stack(0x000000ce85400000,0x000000ce85500000) (1024K)]
  0x000001ec04138d80 WorkerThread "G1 Conc#0"                       [id=24048, stack(0x000000ce85500000,0x000000ce85600000) (1024K)]
  0x000001ec1b708580 WorkerThread "G1 Conc#1"                       [id=20244, stack(0x000000ce89400000,0x000000ce89500000) (1024K)]
  0x000001ec1b706ff0 WorkerThread "G1 Conc#2"                       [id=35664, stack(0x000000ce89500000,0x000000ce89600000) (1024K)]
  0x000001ec15003440 ConcurrentGCThread "G1 Refine#0"               [id=27836, stack(0x000000ce85600000,0x000000ce85700000) (1024K)]
  0x000001ec15004e60 ConcurrentGCThread "G1 Service"                [id=22508, stack(0x000000ce85700000,0x000000ce85800000) (1024K)]
Total: 18

Threads with active compile tasks:
Total: 0

VM state: at safepoint (normal execution)

VM Mutex/Monitor currently owned by a thread:  ([mutex/lock_event])
[0x00007ffd475795e8] Threads_lock - owner thread: 0x000001ec151481f0
[0x00007ffd47579768] Heap_lock - owner thread: 0x000001ec1aa24870

Heap address: 0x0000000084e00000, size: 1970 MB, Compressed Oops mode: 32-bit

CDS archive(s) mapped at: [0x0000000023000000-0x0000000023dd0000-0x0000000023dd0000), size 14483456, SharedBaseAddress: 0x0000000023000000, ArchiveRelocationMode: 1.
Compressed class space mapped at: 0x0000000024000000-0x0000000064000000, reserved size: 1073741824
UseCompressedClassPointers 1, UseCompactObjectHeaders 0
Narrow klass pointer bits 32, Max shift 3
Narrow klass base: 0x0000000023000000, Narrow klass shift: 0
Encoding Range: [0x0000000023000000 - 0x0000000123000000), (4294967296 bytes)
Klass Range:    [0x0000000023010000 - 0x0000000064000000), (1090453504 bytes)
Klass ID Range:  [65536 - 1090519033) (1090453497)
Protection zone: [0x0000000023000000 - 0x0000000023010000), (65536 bytes)

GC Precious Log:
 CardTable entry size: 512
 Card Set container configuration: InlinePtr #cards 5 size 8 Array Of Cards #cards 10 size 36 Howl #buckets 4 coarsen threshold 1843 Howl Bitmap #cards 512 size 80 coarsen threshold 460 Card regions per heap region 1 cards per card region 2048
 CPUs: 12 total, 12 available
 Memory: 7876M
 Large Page Support: Disabled
 NUMA Support: Disabled
 Compressed Oops: Enabled (32-bit)
 Heap Region Size: 1M
 Heap Min Capacity: 8M
 Heap Initial Capacity: 124M
 Heap Max Capacity: 1970M
 Pre-touch: Disabled
 Parallel Workers: 10
 Concurrent Workers: 3
 Concurrent Refinement Workers: 10
 Periodic GC: Disabled

Heap:
 garbage-first heap   total reserved 2017280K, committed 253952K, used 138963K [0x0000000084e00000, 0x0000000100000000)
  region size 1024K, 9 young (9216K), 9 survivors (9216K)

Heap Regions: E=young(eden), S=young(survivor), O=old, HS=humongous(starts), HC=humongous(continues), CS=collection set, F=free, TAMS=top-at-mark-start, PB=parsable bottom
|   0|0x0000000084e00000, 0x0000000084f00000, 0x0000000084f00000|100%|HS|  |TAMS 0x0000000084e00000| PB 0x0000000084e00000| Complete |  0
|   1|0x0000000084f00000, 0x0000000085000000, 0x0000000085000000|100%|HS|  |TAMS 0x0000000084f00000| PB 0x0000000084f00000| Complete |  0
|   2|0x0000000085000000, 0x0000000085100000, 0x0000000085100000|100%|HS|  |TAMS 0x0000000085000000| PB 0x0000000085000000| Complete |  0
|   3|0x0000000085100000, 0x0000000085200000, 0x0000000085200000|100%|HS|  |TAMS 0x0000000085100000| PB 0x0000000085100000| Complete |  0
|   4|0x0000000085200000, 0x0000000085300000, 0x0000000085300000|100%|HC|  |TAMS 0x0000000085200000| PB 0x0000000085200000| Complete |  0
|   5|0x0000000085300000, 0x0000000085400000, 0x0000000085400000|100%| O|  |TAMS 0x0000000085300000| PB 0x0000000085300000| Untracked |  0
|   6|0x0000000085400000, 0x0000000085500000, 0x0000000085500000|100%| O|  |TAMS 0x0000000085400000| PB 0x0000000085400000| Untracked |  0
|   7|0x0000000085500000, 0x0000000085600000, 0x0000000085600000|100%| O|  |TAMS 0x0000000085500000| PB 0x0000000085500000| Untracked |  0
|   8|0x0000000085600000, 0x0000000085700000, 0x0000000085700000|100%| O|  |TAMS 0x0000000085600000| PB 0x0000000085600000| Untracked |  0
|   9|0x0000000085700000, 0x0000000085800000, 0x0000000085800000|100%| O|  |TAMS 0x0000000085700000| PB 0x0000000085700000| Untracked |  0
|  10|0x0000000085800000, 0x0000000085900000, 0x0000000085900000|100%| O|  |TAMS 0x0000000085800000| PB 0x0000000085800000| Untracked |  0
|  11|0x0000000085900000, 0x0000000085a00000, 0x0000000085a00000|100%| O|  |TAMS 0x0000000085900000| PB 0x0000000085900000| Untracked |  0
|  12|0x0000000085a00000, 0x0000000085b00000, 0x0000000085b00000|100%| O|  |TAMS 0x0000000085a00000| PB 0x0000000085a00000| Untracked |  0
|  13|0x0000000085b00000, 0x0000000085c00000, 0x0000000085c00000|100%| O|  |TAMS 0x0000000085b00000| PB 0x0000000085b00000| Untracked |  0
|  14|0x0000000085c00000, 0x0000000085d00000, 0x0000000085d00000|100%| O|  |TAMS 0x0000000085c00000| PB 0x0000000085c00000| Untracked |  0
|  15|0x0000000085d00000, 0x0000000085e00000, 0x0000000085e00000|100%| O|  |TAMS 0x0000000085d00000| PB 0x0000000085d00000| Untracked |  0
|  16|0x0000000085e00000, 0x0000000085f00000, 0x0000000085f00000|100%| O|  |TAMS 0x0000000085e00000| PB 0x0000000085e00000| Untracked |  0
|  17|0x0000000085f00000, 0x0000000086000000, 0x0000000086000000|100%| O|  |TAMS 0x0000000085f00000| PB 0x0000000085f00000| Untracked |  0
|  18|0x0000000086000000, 0x0000000086100000, 0x0000000086100000|100%| O|  |TAMS 0x0000000086000000| PB 0x0000000086000000| Untracked |  0
|  19|0x0000000086100000, 0x0000000086200000, 0x0000000086200000|100%| O|  |TAMS 0x0000000086100000| PB 0x0000000086100000| Untracked |  0
|  20|0x0000000086200000, 0x0000000086300000, 0x0000000086300000|100%| O|  |TAMS 0x0000000086200000| PB 0x0000000086200000| Untracked |  0
|  21|0x0000000086300000, 0x0000000086400000, 0x0000000086400000|100%| O|  |TAMS 0x0000000086300000| PB 0x0000000086300000| Untracked |  0
|  22|0x0000000086400000, 0x0000000086500000, 0x0000000086500000|100%| O|  |TAMS 0x0000000086400000| PB 0x0000000086400000| Untracked |  0
|  23|0x0000000086500000, 0x0000000086600000, 0x0000000086600000|100%| O|  |TAMS 0x0000000086500000| PB 0x0000000086500000| Untracked |  0
|  24|0x0000000086600000, 0x0000000086700000, 0x0000000086700000|100%| O|  |TAMS 0x0000000086600000| PB 0x0000000086600000| Untracked |  0
|  25|0x0000000086700000, 0x0000000086800000, 0x0000000086800000|100%| O|  |TAMS 0x0000000086700000| PB 0x0000000086700000| Untracked |  0
|  26|0x0000000086800000, 0x0000000086900000, 0x0000000086900000|100%| O|  |TAMS 0x0000000086800000| PB 0x0000000086800000| Untracked |  0
|  27|0x0000000086900000, 0x0000000086a00000, 0x0000000086a00000|100%| O|  |TAMS 0x0000000086900000| PB 0x0000000086900000| Untracked |  0
|  28|0x0000000086a00000, 0x0000000086b00000, 0x0000000086b00000|100%| O|  |TAMS 0x0000000086a00000| PB 0x0000000086a00000| Untracked |  0
|  29|0x0000000086b00000, 0x0000000086c00000, 0x0000000086c00000|100%| O|  |TAMS 0x0000000086b00000| PB 0x0000000086b00000| Untracked |  0
|  30|0x0000000086c00000, 0x0000000086d00000, 0x0000000086d00000|100%| O|  |TAMS 0x0000000086c00000| PB 0x0000000086c00000| Untracked |  0
|  31|0x0000000086d00000, 0x0000000086e00000, 0x0000000086e00000|100%| O|  |TAMS 0x0000000086d00000| PB 0x0000000086d00000| Untracked |  0
|  32|0x0000000086e00000, 0x0000000086f00000, 0x0000000086f00000|100%| O|  |TAMS 0x0000000086e00000| PB 0x0000000086e00000| Untracked |  0
|  33|0x0000000086f00000, 0x0000000087000000, 0x0000000087000000|100%| O|  |TAMS 0x0000000086f00000| PB 0x0000000086f00000| Untracked |  0
|  34|0x0000000087000000, 0x0000000087100000, 0x0000000087100000|100%| O|  |TAMS 0x0000000087000000| PB 0x0000000087000000| Untracked |  0
|  35|0x0000000087100000, 0x0000000087200000, 0x0000000087200000|100%| O|  |TAMS 0x0000000087100000| PB 0x0000000087100000| Untracked |  0
|  36|0x0000000087200000, 0x0000000087300000, 0x0000000087300000|100%| O|  |TAMS 0x0000000087200000| PB 0x0000000087200000| Untracked |  0
|  37|0x0000000087300000, 0x0000000087400000, 0x0000000087400000|100%| O|  |TAMS 0x0000000087300000| PB 0x0000000087300000| Untracked |  0
|  38|0x0000000087400000, 0x0000000087500000, 0x0000000087500000|100%| O|  |TAMS 0x0000000087400000| PB 0x0000000087400000| Untracked |  0
|  39|0x0000000087500000, 0x0000000087600000, 0x0000000087600000|100%| O|  |TAMS 0x0000000087500000| PB 0x0000000087500000| Untracked |  0
|  40|0x0000000087600000, 0x0000000087700000, 0x0000000087700000|100%| O|  |TAMS 0x0000000087600000| PB 0x0000000087600000| Untracked |  0
|  41|0x0000000087700000, 0x0000000087800000, 0x0000000087800000|100%| O|  |TAMS 0x0000000087700000| PB 0x0000000087700000| Untracked |  0
|  42|0x0000000087800000, 0x0000000087900000, 0x0000000087900000|100%| O|  |TAMS 0x0000000087800000| PB 0x0000000087800000| Untracked |  0
|  43|0x0000000087900000, 0x0000000087a00000, 0x0000000087a00000|100%| O|  |TAMS 0x0000000087900000| PB 0x0000000087900000| Untracked |  0
|  44|0x0000000087a00000, 0x0000000087b00000, 0x0000000087b00000|100%| O|  |TAMS 0x0000000087a00000| PB 0x0000000087a00000| Untracked |  0
|  45|0x0000000087b00000, 0x0000000087c00000, 0x0000000087c00000|100%| O|  |TAMS 0x0000000087b00000| PB 0x0000000087b00000| Untracked |  0
|  46|0x0000000087c00000, 0x0000000087d00000, 0x0000000087d00000|100%| O|  |TAMS 0x0000000087c00000| PB 0x0000000087c00000| Untracked |  0
|  47|0x0000000087d00000, 0x0000000087e00000, 0x0000000087e00000|100%| O|  |TAMS 0x0000000087d00000| PB 0x0000000087d00000| Untracked |  0
|  48|0x0000000087e00000, 0x0000000087f00000, 0x0000000087f00000|100%| O|  |TAMS 0x0000000087e00000| PB 0x0000000087e00000| Untracked |  0
|  49|0x0000000087f00000, 0x0000000088000000, 0x0000000088000000|100%| O|  |TAMS 0x0000000087f00000| PB 0x0000000087f00000| Untracked |  0
|  50|0x0000000088000000, 0x0000000088000000, 0x0000000088100000|  0%| F|  |TAMS 0x0000000088000000| PB 0x0000000088000000| Untracked |  0
|  51|0x0000000088100000, 0x0000000088200000, 0x0000000088200000|100%| O|  |TAMS 0x0000000088100000| PB 0x0000000088100000| Untracked |  0
|  52|0x0000000088200000, 0x0000000088300000, 0x0000000088300000|100%| O|  |TAMS 0x0000000088200000| PB 0x0000000088200000| Untracked |  0
|  53|0x0000000088300000, 0x0000000088400000, 0x0000000088400000|100%| O|  |TAMS 0x0000000088300000| PB 0x0000000088300000| Untracked |  0
|  54|0x0000000088400000, 0x0000000088500000, 0x0000000088500000|100%| O|  |TAMS 0x0000000088400000| PB 0x0000000088400000| Untracked |  0
|  55|0x0000000088500000, 0x0000000088600000, 0x0000000088600000|100%| O|  |TAMS 0x0000000088500000| PB 0x0000000088500000| Untracked |  0
|  56|0x0000000088600000, 0x0000000088700000, 0x0000000088700000|100%| O|  |TAMS 0x0000000088600000| PB 0x0000000088600000| Untracked |  0
|  57|0x0000000088700000, 0x0000000088700000, 0x0000000088800000|  0%| F|  |TAMS 0x0000000088700000| PB 0x0000000088700000| Untracked |  0
|  58|0x0000000088800000, 0x0000000088800000, 0x0000000088900000|  0%| F|  |TAMS 0x0000000088800000| PB 0x0000000088800000| Untracked |  0
|  59|0x0000000088900000, 0x0000000088a00000, 0x0000000088a00000|100%| O|  |TAMS 0x0000000088900000| PB 0x0000000088900000| Untracked |  0
|  60|0x0000000088a00000, 0x0000000088b00000, 0x0000000088b00000|100%| O|  |TAMS 0x0000000088a00000| PB 0x0000000088a00000| Untracked |  0
|  61|0x0000000088b00000, 0x0000000088c00000, 0x0000000088c00000|100%| O|  |TAMS 0x0000000088b00000| PB 0x0000000088b00000| Untracked |  0
|  62|0x0000000088c00000, 0x0000000088d00000, 0x0000000088d00000|100%| O|  |TAMS 0x0000000088c00000| PB 0x0000000088c00000| Untracked |  0
|  63|0x0000000088d00000, 0x0000000088e00000, 0x0000000088e00000|100%| O|  |TAMS 0x0000000088d00000| PB 0x0000000088d00000| Untracked |  0
|  64|0x0000000088e00000, 0x0000000088f00000, 0x0000000088f00000|100%| O|  |TAMS 0x0000000088e00000| PB 0x0000000088e00000| Untracked |  0
|  65|0x0000000088f00000, 0x0000000089000000, 0x0000000089000000|100%| O|  |TAMS 0x0000000088f00000| PB 0x0000000088f00000| Untracked |  0
|  66|0x0000000089000000, 0x0000000089100000, 0x0000000089100000|100%| O|  |TAMS 0x0000000089000000| PB 0x0000000089000000| Untracked |  0
|  67|0x0000000089100000, 0x0000000089200000, 0x0000000089200000|100%| O|  |TAMS 0x0000000089100000| PB 0x0000000089100000| Untracked |  0
|  68|0x0000000089200000, 0x0000000089300000, 0x0000000089300000|100%| O|  |TAMS 0x0000000089200000| PB 0x0000000089200000| Untracked |  0
|  69|0x0000000089300000, 0x0000000089300000, 0x0000000089400000|  0%| F|  |TAMS 0x0000000089300000| PB 0x0000000089300000| Untracked |  0
|  70|0x0000000089400000, 0x0000000089500000, 0x0000000089500000|100%| O|  |TAMS 0x0000000089400000| PB 0x0000000089400000| Untracked |  0
|  71|0x0000000089500000, 0x0000000089500000, 0x0000000089600000|  0%| F|  |TAMS 0x0000000089500000| PB 0x0000000089500000| Untracked |  0
|  72|0x0000000089600000, 0x0000000089600000, 0x0000000089700000|  0%| F|  |TAMS 0x0000000089600000| PB 0x0000000089600000| Untracked |  0
|  73|0x0000000089700000, 0x0000000089800000, 0x0000000089800000|100%| O|  |TAMS 0x0000000089700000| PB 0x0000000089700000| Untracked |  0
|  74|0x0000000089800000, 0x0000000089900000, 0x0000000089900000|100%| O|  |TAMS 0x0000000089800000| PB 0x0000000089800000| Untracked |  0
|  75|0x0000000089900000, 0x0000000089900000, 0x0000000089a00000|  0%| F|  |TAMS 0x0000000089900000| PB 0x0000000089900000| Untracked |  0
|  76|0x0000000089a00000, 0x0000000089b00000, 0x0000000089b00000|100%| O|  |TAMS 0x0000000089a00000| PB 0x0000000089a00000| Untracked |  0
|  77|0x0000000089b00000, 0x0000000089c00000, 0x0000000089c00000|100%| O|  |TAMS 0x0000000089b00000| PB 0x0000000089b00000| Untracked |  0
|  78|0x0000000089c00000, 0x0000000089d00000, 0x0000000089d00000|100%| O|Cm|TAMS 0x0000000089c00000| PB 0x0000000089c00000| Complete |  0
|  79|0x0000000089d00000, 0x0000000089e00000, 0x0000000089e00000|100%| O|  |TAMS 0x0000000089d00000| PB 0x0000000089d00000| Untracked |  0
|  80|0x0000000089e00000, 0x0000000089f00000, 0x0000000089f00000|100%| O|  |TAMS 0x0000000089e00000| PB 0x0000000089e00000| Untracked |  0
|  81|0x0000000089f00000, 0x000000008a000000, 0x000000008a000000|100%| O|  |TAMS 0x0000000089f00000| PB 0x0000000089f00000| Untracked |  0
|  82|0x000000008a000000, 0x000000008a000000, 0x000000008a100000|  0%| F|  |TAMS 0x000000008a000000| PB 0x000000008a000000| Untracked |  0
|  83|0x000000008a100000, 0x000000008a100000, 0x000000008a200000|  0%| F|  |TAMS 0x000000008a100000| PB 0x000000008a100000| Untracked |  0
|  84|0x000000008a200000, 0x000000008a300000, 0x000000008a300000|100%| O|  |TAMS 0x000000008a200000| PB 0x000000008a200000| Untracked |  0
|  85|0x000000008a300000, 0x000000008a400000, 0x000000008a400000|100%| O|  |TAMS 0x000000008a300000| PB 0x000000008a300000| Untracked |  0
|  86|0x000000008a400000, 0x000000008a500000, 0x000000008a500000|100%| O|  |TAMS 0x000000008a400000| PB 0x000000008a400000| Untracked |  0
|  87|0x000000008a500000, 0x000000008a600000, 0x000000008a600000|100%| O|  |TAMS 0x000000008a500000| PB 0x000000008a500000| Untracked |  0
|  88|0x000000008a600000, 0x000000008a700000, 0x000000008a700000|100%| O|  |TAMS 0x000000008a600000| PB 0x000000008a600000| Untracked |  0
|  89|0x000000008a700000, 0x000000008a800000, 0x000000008a800000|100%| O|  |TAMS 0x000000008a700000| PB 0x000000008a700000| Untracked |  0
|  90|0x000000008a800000, 0x000000008a900000, 0x000000008a900000|100%| O|  |TAMS 0x000000008a800000| PB 0x000000008a800000| Untracked |  0
|  91|0x000000008a900000, 0x000000008aa00000, 0x000000008aa00000|100%| O|  |TAMS 0x000000008a900000| PB 0x000000008a900000| Untracked |  0
|  92|0x000000008aa00000, 0x000000008aa00000, 0x000000008ab00000|  0%| F|  |TAMS 0x000000008aa00000| PB 0x000000008aa00000| Untracked |  0
|  93|0x000000008ab00000, 0x000000008ab00000, 0x000000008ac00000|  0%| F|  |TAMS 0x000000008ab00000| PB 0x000000008ab00000| Untracked |  0
|  94|0x000000008ac00000, 0x000000008ad00000, 0x000000008ad00000|100%| O|  |TAMS 0x000000008ac00000| PB 0x000000008ac00000| Untracked |  0
|  95|0x000000008ad00000, 0x000000008ae00000, 0x000000008ae00000|100%| O|  |TAMS 0x000000008ad00000| PB 0x000000008ad00000| Untracked |  0
|  96|0x000000008ae00000, 0x000000008af00000, 0x000000008af00000|100%|HS|  |TAMS 0x000000008ae00000| PB 0x000000008ae00000| Complete |  0
|  97|0x000000008af00000, 0x000000008b000000, 0x000000008b000000|100%|HS|  |TAMS 0x000000008af00000| PB 0x000000008af00000| Complete |  0
|  98|0x000000008b000000, 0x000000008b000000, 0x000000008b100000|  0%| F|  |TAMS 0x000000008b000000| PB 0x000000008b000000| Untracked |  0
|  99|0x000000008b100000, 0x000000008b100000, 0x000000008b200000|  0%| F|  |TAMS 0x000000008b100000| PB 0x000000008b100000| Untracked |  0
| 100|0x000000008b200000, 0x000000008b300000, 0x000000008b300000|100%| O|  |TAMS 0x000000008b200000| PB 0x000000008b200000| Untracked |  0
| 101|0x000000008b300000, 0x000000008b400000, 0x000000008b400000|100%| O|  |TAMS 0x000000008b300000| PB 0x000000008b300000| Untracked |  0
| 102|0x000000008b400000, 0x000000008b400000, 0x000000008b500000|  0%| F|  |TAMS 0x000000008b400000| PB 0x000000008b400000| Untracked |  0
| 103|0x000000008b500000, 0x000000008b500000, 0x000000008b600000|  0%| F|  |TAMS 0x000000008b500000| PB 0x000000008b500000| Untracked |  0
| 104|0x000000008b600000, 0x000000008b600000, 0x000000008b700000|  0%| F|  |TAMS 0x000000008b600000| PB 0x000000008b600000| Untracked |  0
| 105|0x000000008b700000, 0x000000008b700000, 0x000000008b800000|  0%| F|  |TAMS 0x000000008b700000| PB 0x000000008b700000| Untracked |  0
| 106|0x000000008b800000, 0x000000008b800000, 0x000000008b900000|  0%| F|  |TAMS 0x000000008b800000| PB 0x000000008b800000| Untracked |  0
| 107|0x000000008b900000, 0x000000008ba00000, 0x000000008ba00000|100%| O|  |TAMS 0x000000008b900000| PB 0x000000008b900000| Untracked |  0
| 108|0x000000008ba00000, 0x000000008bb00000, 0x000000008bb00000|100%| O|  |TAMS 0x000000008ba00000| PB 0x000000008ba00000| Untracked |  0
| 109|0x000000008bb00000, 0x000000008bc00000, 0x000000008bc00000|100%| O|  |TAMS 0x000000008bb00000| PB 0x000000008bb00000| Untracked |  0
| 110|0x000000008bc00000, 0x000000008bd00000, 0x000000008bd00000|100%| O|  |TAMS 0x000000008bc00000| PB 0x000000008bc00000| Untracked |  0
| 111|0x000000008bd00000, 0x000000008be00000, 0x000000008be00000|100%| O|  |TAMS 0x000000008bd00000| PB 0x000000008bd00000| Untracked |  0
| 112|0x000000008be00000, 0x000000008bf00000, 0x000000008bf00000|100%| O|  |TAMS 0x000000008be00000| PB 0x000000008be00000| Untracked |  0
| 113|0x000000008bf00000, 0x000000008bf00000, 0x000000008c000000|  0%| F|  |TAMS 0x000000008bf00000| PB 0x000000008bf00000| Untracked |  0
| 114|0x000000008c000000, 0x000000008c000000, 0x000000008c100000|  0%| F|  |TAMS 0x000000008c000000| PB 0x000000008c000000| Untracked |  0
| 115|0x000000008c100000, 0x000000008c100000, 0x000000008c200000|  0%| F|  |TAMS 0x000000008c100000| PB 0x000000008c100000| Untracked |  0
| 116|0x000000008c200000, 0x000000008c200000, 0x000000008c300000|  0%| F|  |TAMS 0x000000008c200000| PB 0x000000008c200000| Untracked |  0
| 117|0x000000008c300000, 0x000000008c400000, 0x000000008c400000|100%| O|  |TAMS 0x000000008c300000| PB 0x000000008c300000| Untracked |  0
| 118|0x000000008c400000, 0x000000008c400000, 0x000000008c500000|  0%| F|  |TAMS 0x000000008c400000| PB 0x000000008c400000| Untracked |  0
| 119|0x000000008c500000, 0x000000008c600000, 0x000000008c600000|100%| O|  |TAMS 0x000000008c500000| PB 0x000000008c500000| Untracked |  0
| 120|0x000000008c600000, 0x000000008c600000, 0x000000008c700000|  0%| F|  |TAMS 0x000000008c600000| PB 0x000000008c600000| Untracked |  0
| 121|0x000000008c700000, 0x000000008c800000, 0x000000008c800000|100%| O|  |TAMS 0x000000008c700000| PB 0x000000008c700000| Untracked |  0
| 122|0x000000008c800000, 0x000000008c900000, 0x000000008c900000|100%| O|  |TAMS 0x000000008c800000| PB 0x000000008c800000| Untracked |  0
| 123|0x000000008c900000, 0x000000008ca00000, 0x000000008ca00000|100%| O|  |TAMS 0x000000008c900000| PB 0x000000008c900000| Untracked |  0
| 124|0x000000008ca00000, 0x000000008cb00000, 0x000000008cb00000|100%| O|  |TAMS 0x000000008ca00000| PB 0x000000008ca00000| Untracked |  0
| 125|0x000000008cb00000, 0x000000008cc00000, 0x000000008cc00000|100%| O|  |TAMS 0x000000008cb00000| PB 0x000000008cb00000| Untracked |  0
| 126|0x000000008cc00000, 0x000000008cd00000, 0x000000008cd00000|100%| O|  |TAMS 0x000000008cc00000| PB 0x000000008cc00000| Untracked |  0
| 127|0x000000008cd00000, 0x000000008ce00000, 0x000000008ce00000|100%| O|  |TAMS 0x000000008cd00000| PB 0x000000008cd00000| Untracked |  0
| 128|0x000000008ce00000, 0x000000008cf00000, 0x000000008cf00000|100%| O|  |TAMS 0x000000008ce00000| PB 0x000000008ce00000| Untracked |  0
| 129|0x000000008cf00000, 0x000000008d000000, 0x000000008d000000|100%| O|  |TAMS 0x000000008cf00000| PB 0x000000008cf00000| Untracked |  0
| 130|0x000000008d000000, 0x000000008d100000, 0x000000008d100000|100%| O|  |TAMS 0x000000008d000000| PB 0x000000008d000000| Untracked |  0
| 131|0x000000008d100000, 0x000000008d200000, 0x000000008d200000|100%| O|  |TAMS 0x000000008d100000| PB 0x000000008d100000| Untracked |  0
| 132|0x000000008d200000, 0x000000008d300000, 0x000000008d300000|100%| O|  |TAMS 0x000000008d200000| PB 0x000000008d200000| Untracked |  0
| 133|0x000000008d300000, 0x000000008d400000, 0x000000008d400000|100%| O|  |TAMS 0x000000008d300000| PB 0x000000008d300000| Untracked |  0
| 134|0x000000008d400000, 0x000000008d500000, 0x000000008d500000|100%| O|  |TAMS 0x000000008d400000| PB 0x000000008d400000| Untracked |  0
| 135|0x000000008d500000, 0x000000008d600000, 0x000000008d600000|100%| S|CS|TAMS 0x000000008d500000| PB 0x000000008d500000| Complete |  0
| 136|0x000000008d600000, 0x000000008d700000, 0x000000008d700000|100%| S|CS|TAMS 0x000000008d600000| PB 0x000000008d600000| Complete |  0
| 137|0x000000008d700000, 0x000000008d800000, 0x000000008d800000|100%| S|CS|TAMS 0x000000008d700000| PB 0x000000008d700000| Complete |  0
| 138|0x000000008d800000, 0x000000008d900000, 0x000000008d900000|100%| S|CS|TAMS 0x000000008d800000| PB 0x000000008d800000| Complete |  0
| 139|0x000000008d900000, 0x000000008d900000, 0x000000008da00000|  0%| F|  |TAMS 0x000000008d900000| PB 0x000000008d900000| Untracked |  0
| 140|0x000000008da00000, 0x000000008da00000, 0x000000008db00000|  0%| F|  |TAMS 0x000000008da00000| PB 0x000000008da00000| Untracked |  0
| 141|0x000000008db00000, 0x000000008db00000, 0x000000008dc00000|  0%| F|  |TAMS 0x000000008db00000| PB 0x000000008db00000| Untracked |  0
| 142|0x000000008dc00000, 0x000000008dc00000, 0x000000008dd00000|  0%| F|  |TAMS 0x000000008dc00000| PB 0x000000008dc00000| Untracked |  0
| 143|0x000000008dd00000, 0x000000008dd00000, 0x000000008de00000|  0%| F|  |TAMS 0x000000008dd00000| PB 0x000000008dd00000| Untracked |  0
| 144|0x000000008de00000, 0x000000008de00000, 0x000000008df00000|  0%| F|  |TAMS 0x000000008de00000| PB 0x000000008de00000| Untracked |  0
| 145|0x000000008df00000, 0x000000008df00000, 0x000000008e000000|  0%| F|  |TAMS 0x000000008df00000| PB 0x000000008df00000| Untracked |  0
| 146|0x000000008e000000, 0x000000008e000000, 0x000000008e100000|  0%| F|  |TAMS 0x000000008e000000| PB 0x000000008e000000| Untracked |  0
| 147|0x000000008e100000, 0x000000008e100000, 0x000000008e200000|  0%| F|  |TAMS 0x000000008e100000| PB 0x000000008e100000| Untracked |  0
| 148|0x000000008e200000, 0x000000008e200000, 0x000000008e300000|  0%| F|  |TAMS 0x000000008e200000| PB 0x000000008e200000| Untracked |  0
| 149|0x000000008e300000, 0x000000008e300000, 0x000000008e400000|  0%| F|  |TAMS 0x000000008e300000| PB 0x000000008e300000| Untracked |  0
| 150|0x000000008e400000, 0x000000008e400000, 0x000000008e500000|  0%| F|  |TAMS 0x000000008e400000| PB 0x000000008e400000| Untracked |  0
| 151|0x000000008e500000, 0x000000008e500000, 0x000000008e600000|  0%| F|  |TAMS 0x000000008e500000| PB 0x000000008e500000| Untracked |  0
| 152|0x000000008e600000, 0x000000008e600000, 0x000000008e700000|  0%| F|  |TAMS 0x000000008e600000| PB 0x000000008e600000| Untracked |  0
| 153|0x000000008e700000, 0x000000008e700000, 0x000000008e800000|  0%| F|  |TAMS 0x000000008e700000| PB 0x000000008e700000| Untracked |  0
| 154|0x000000008e800000, 0x000000008e800000, 0x000000008e900000|  0%| F|  |TAMS 0x000000008e800000| PB 0x000000008e800000| Untracked |  0
| 155|0x000000008e900000, 0x000000008e900000, 0x000000008ea00000|  0%| F|  |TAMS 0x000000008e900000| PB 0x000000008e900000| Untracked |  0
| 156|0x000000008ea00000, 0x000000008ea00000, 0x000000008eb00000|  0%| F|  |TAMS 0x000000008ea00000| PB 0x000000008ea00000| Untracked |  0
| 157|0x000000008eb00000, 0x000000008eb00000, 0x000000008ec00000|  0%| F|  |TAMS 0x000000008eb00000| PB 0x000000008eb00000| Untracked |  0
| 158|0x000000008ec00000, 0x000000008ec00000, 0x000000008ed00000|  0%| F|  |TAMS 0x000000008ec00000| PB 0x000000008ec00000| Untracked |  0
| 159|0x000000008ed00000, 0x000000008ed00000, 0x000000008ee00000|  0%| F|  |TAMS 0x000000008ed00000| PB 0x000000008ed00000| Untracked |  0
| 160|0x000000008ee00000, 0x000000008ee00000, 0x000000008ef00000|  0%| F|  |TAMS 0x000000008ee00000| PB 0x000000008ee00000| Untracked |  0
| 161|0x000000008ef00000, 0x000000008ef00000, 0x000000008f000000|  0%| F|  |TAMS 0x000000008ef00000| PB 0x000000008ef00000| Untracked |  0
| 162|0x000000008f000000, 0x000000008f000000, 0x000000008f100000|  0%| F|  |TAMS 0x000000008f000000| PB 0x000000008f000000| Untracked |  0
| 163|0x000000008f100000, 0x000000008f100000, 0x000000008f200000|  0%| F|  |TAMS 0x000000008f100000| PB 0x000000008f100000| Untracked |  0
| 164|0x000000008f200000, 0x000000008f200000, 0x000000008f300000|  0%| F|  |TAMS 0x000000008f200000| PB 0x000000008f200000| Untracked |  0
| 165|0x000000008f300000, 0x000000008f300000, 0x000000008f400000|  0%| F|  |TAMS 0x000000008f300000| PB 0x000000008f300000| Untracked |  0
| 166|0x000000008f400000, 0x000000008f400000, 0x000000008f500000|  0%| F|  |TAMS 0x000000008f400000| PB 0x000000008f400000| Untracked |  0
| 167|0x000000008f500000, 0x000000008f500000, 0x000000008f600000|  0%| F|  |TAMS 0x000000008f500000| PB 0x000000008f500000| Untracked |  0
| 168|0x000000008f600000, 0x000000008f600000, 0x000000008f700000|  0%| F|  |TAMS 0x000000008f600000| PB 0x000000008f600000| Untracked |  0
| 169|0x000000008f700000, 0x000000008f700000, 0x000000008f800000|  0%| F|  |TAMS 0x000000008f700000| PB 0x000000008f700000| Untracked |  0
| 170|0x000000008f800000, 0x000000008f800000, 0x000000008f900000|  0%| F|  |TAMS 0x000000008f800000| PB 0x000000008f800000| Untracked |  0
| 171|0x000000008f900000, 0x000000008f900000, 0x000000008fa00000|  0%| F|  |TAMS 0x000000008f900000| PB 0x000000008f900000| Untracked |  0
| 172|0x000000008fa00000, 0x000000008fa00000, 0x000000008fb00000|  0%| F|  |TAMS 0x000000008fa00000| PB 0x000000008fa00000| Untracked |  0
| 173|0x000000008fb00000, 0x000000008fb00000, 0x000000008fc00000|  0%| F|  |TAMS 0x000000008fb00000| PB 0x000000008fb00000| Untracked |  0
| 174|0x000000008fc00000, 0x000000008fc00000, 0x000000008fd00000|  0%| F|  |TAMS 0x000000008fc00000| PB 0x000000008fc00000| Untracked |  0
| 175|0x000000008fd00000, 0x000000008fd00000, 0x000000008fe00000|  0%| F|  |TAMS 0x000000008fd00000| PB 0x000000008fd00000| Untracked |  0
| 176|0x000000008fe00000, 0x000000008fe00000, 0x000000008ff00000|  0%| F|  |TAMS 0x000000008fe00000| PB 0x000000008fe00000| Untracked |  0
| 177|0x000000008ff00000, 0x000000008ff00000, 0x0000000090000000|  0%| F|  |TAMS 0x000000008ff00000| PB 0x000000008ff00000| Untracked |  0
| 178|0x0000000090000000, 0x0000000090000000, 0x0000000090100000|  0%| F|  |TAMS 0x0000000090000000| PB 0x0000000090000000| Untracked |  0
| 179|0x0000000090100000, 0x0000000090100000, 0x0000000090200000|  0%| F|  |TAMS 0x0000000090100000| PB 0x0000000090100000| Untracked |  0
| 180|0x0000000090200000, 0x0000000090200000, 0x0000000090300000|  0%| F|  |TAMS 0x0000000090200000| PB 0x0000000090200000| Untracked |  0
| 181|0x0000000090300000, 0x0000000090300000, 0x0000000090400000|  0%| F|  |TAMS 0x0000000090300000| PB 0x0000000090300000| Untracked |  0
| 182|0x0000000090400000, 0x0000000090400000, 0x0000000090500000|  0%| F|  |TAMS 0x0000000090400000| PB 0x0000000090400000| Untracked |  0
| 183|0x0000000090500000, 0x0000000090500000, 0x0000000090600000|  0%| F|  |TAMS 0x0000000090500000| PB 0x0000000090500000| Untracked |  0
| 184|0x0000000090600000, 0x0000000090600000, 0x0000000090700000|  0%| F|  |TAMS 0x0000000090600000| PB 0x0000000090600000| Untracked |  0
| 185|0x0000000090700000, 0x0000000090700000, 0x0000000090800000|  0%| F|  |TAMS 0x0000000090700000| PB 0x0000000090700000| Untracked |  0
| 186|0x0000000090800000, 0x0000000090800000, 0x0000000090900000|  0%| F|  |TAMS 0x0000000090800000| PB 0x0000000090800000| Untracked |  0
| 187|0x0000000090900000, 0x0000000090900000, 0x0000000090a00000|  0%| F|  |TAMS 0x0000000090900000| PB 0x0000000090900000| Untracked |  0
| 188|0x0000000090a00000, 0x0000000090a00000, 0x0000000090b00000|  0%| F|  |TAMS 0x0000000090a00000| PB 0x0000000090a00000| Untracked |  0
| 189|0x0000000090b00000, 0x0000000090b00000, 0x0000000090c00000|  0%| F|  |TAMS 0x0000000090b00000| PB 0x0000000090b00000| Untracked |  0
| 190|0x0000000090c00000, 0x0000000090c00000, 0x0000000090d00000|  0%| F|  |TAMS 0x0000000090c00000| PB 0x0000000090c00000| Untracked |  0
| 191|0x0000000090d00000, 0x0000000090d00000, 0x0000000090e00000|  0%| F|  |TAMS 0x0000000090d00000| PB 0x0000000090d00000| Untracked |  0
| 192|0x0000000090e00000, 0x0000000090e00000, 0x0000000090f00000|  0%| F|  |TAMS 0x0000000090e00000| PB 0x0000000090e00000| Untracked |  0
| 193|0x0000000090f00000, 0x0000000090f00000, 0x0000000091000000|  0%| F|  |TAMS 0x0000000090f00000| PB 0x0000000090f00000| Untracked |  0
| 194|0x0000000091000000, 0x0000000091000000, 0x0000000091100000|  0%| F|  |TAMS 0x0000000091000000| PB 0x0000000091000000| Untracked |  0
| 195|0x0000000091100000, 0x0000000091100000, 0x0000000091200000|  0%| F|  |TAMS 0x0000000091100000| PB 0x0000000091100000| Untracked |  0
| 196|0x0000000091200000, 0x0000000091200000, 0x0000000091300000|  0%| F|  |TAMS 0x0000000091200000| PB 0x0000000091200000| Untracked |  0
| 197|0x0000000091300000, 0x0000000091300000, 0x0000000091400000|  0%| F|  |TAMS 0x0000000091300000| PB 0x0000000091300000| Untracked |  0
| 198|0x0000000091400000, 0x0000000091400000, 0x0000000091500000|  0%| F|  |TAMS 0x0000000091400000| PB 0x0000000091400000| Untracked |  0
| 199|0x0000000091500000, 0x0000000091500000, 0x0000000091600000|  0%| F|  |TAMS 0x0000000091500000| PB 0x0000000091500000| Untracked |  0
| 200|0x0000000091600000, 0x0000000091600000, 0x0000000091700000|  0%| F|  |TAMS 0x0000000091600000| PB 0x0000000091600000| Untracked |  0
| 201|0x0000000091700000, 0x0000000091700000, 0x0000000091800000|  0%| F|  |TAMS 0x0000000091700000| PB 0x0000000091700000| Untracked |  0
| 202|0x0000000091800000, 0x0000000091800000, 0x0000000091900000|  0%| F|  |TAMS 0x0000000091800000| PB 0x0000000091800000| Untracked |  0
| 203|0x0000000091900000, 0x0000000091900000, 0x0000000091a00000|  0%| F|  |TAMS 0x0000000091900000| PB 0x0000000091900000| Untracked |  0
| 204|0x0000000091a00000, 0x0000000091a00000, 0x0000000091b00000|  0%| F|  |TAMS 0x0000000091a00000| PB 0x0000000091a00000| Untracked |  0
| 205|0x0000000091b00000, 0x0000000091b00000, 0x0000000091c00000|  0%| F|  |TAMS 0x0000000091b00000| PB 0x0000000091b00000| Untracked |  0
| 206|0x0000000091c00000, 0x0000000091c00000, 0x0000000091d00000|  0%| F|  |TAMS 0x0000000091c00000| PB 0x0000000091c00000| Untracked |  0
| 207|0x0000000091d00000, 0x0000000091d00000, 0x0000000091e00000|  0%| F|  |TAMS 0x0000000091d00000| PB 0x0000000091d00000| Untracked |  0
| 208|0x0000000091e00000, 0x0000000091e00000, 0x0000000091f00000|  0%| F|  |TAMS 0x0000000091e00000| PB 0x0000000091e00000| Untracked |  0
| 209|0x0000000091f00000, 0x0000000091f00000, 0x0000000092000000|  0%| F|  |TAMS 0x0000000091f00000| PB 0x0000000091f00000| Untracked |  0
| 210|0x0000000092000000, 0x0000000092000000, 0x0000000092100000|  0%| F|  |TAMS 0x0000000092000000| PB 0x0000000092000000| Untracked |  0
| 211|0x0000000092100000, 0x0000000092100000, 0x0000000092200000|  0%| F|  |TAMS 0x0000000092100000| PB 0x0000000092100000| Untracked |  0
| 212|0x0000000092200000, 0x0000000092300000, 0x0000000092300000|100%| S|CS|TAMS 0x0000000092200000| PB 0x0000000092200000| Complete |  0
| 213|0x0000000092300000, 0x0000000092400000, 0x0000000092400000|100%| S|CS|TAMS 0x0000000092300000| PB 0x0000000092300000| Complete |  0
| 214|0x0000000092400000, 0x0000000092500000, 0x0000000092500000|100%| S|CS|TAMS 0x0000000092400000| PB 0x0000000092400000| Complete |  0
| 215|0x0000000092500000, 0x0000000092600000, 0x0000000092600000|100%| S|CS|TAMS 0x0000000092500000| PB 0x0000000092500000| Complete |  0
| 216|0x0000000092600000, 0x00000000926a8770, 0x0000000092700000| 65%| S|CS|TAMS 0x0000000092600000| PB 0x0000000092600000| Complete |  0
|1939|0x00000000fe100000, 0x00000000fe10c730, 0x00000000fe200000|  4%| O|  |TAMS 0x00000000fe100000| PB 0x00000000fe100000| Untracked |  0
|1940|0x00000000fe200000, 0x00000000fe300000, 0x00000000fe300000|100%| O|  |TAMS 0x00000000fe200000| PB 0x00000000fe200000| Untracked |  0
|1941|0x00000000fe300000, 0x00000000fe400000, 0x00000000fe400000|100%| O|  |TAMS 0x00000000fe300000| PB 0x00000000fe300000| Untracked |  0
|1942|0x00000000fe400000, 0x00000000fe500000, 0x00000000fe500000|100%| O|  |TAMS 0x00000000fe400000| PB 0x00000000fe400000| Untracked |  0
|1943|0x00000000fe500000, 0x00000000fe500000, 0x00000000fe600000|  0%| F|  |TAMS 0x00000000fe500000| PB 0x00000000fe500000| Untracked |  0
|1944|0x00000000fe600000, 0x00000000fe600000, 0x00000000fe700000|  0%| F|  |TAMS 0x00000000fe600000| PB 0x00000000fe600000| Untracked |  0
|1945|0x00000000fe700000, 0x00000000fe700000, 0x00000000fe800000|  0%| F|  |TAMS 0x00000000fe700000| PB 0x00000000fe700000| Untracked |  0
|1946|0x00000000fe800000, 0x00000000fe800000, 0x00000000fe900000|  0%| F|  |TAMS 0x00000000fe800000| PB 0x00000000fe800000| Untracked |  0
|1947|0x00000000fe900000, 0x00000000fe900000, 0x00000000fea00000|  0%| F|  |TAMS 0x00000000fe900000| PB 0x00000000fe900000| Untracked |  0
|1948|0x00000000fea00000, 0x00000000fea00000, 0x00000000feb00000|  0%| F|  |TAMS 0x00000000fea00000| PB 0x00000000fea00000| Untracked |  0
|1949|0x00000000feb00000, 0x00000000feb00000, 0x00000000fec00000|  0%| F|  |TAMS 0x00000000feb00000| PB 0x00000000feb00000| Untracked |  0
|1950|0x00000000fec00000, 0x00000000fec00000, 0x00000000fed00000|  0%| F|  |TAMS 0x00000000fec00000| PB 0x00000000fec00000| Untracked |  0
|1951|0x00000000fed00000, 0x00000000fed00000, 0x00000000fee00000|  0%| F|  |TAMS 0x00000000fed00000| PB 0x00000000fed00000| Untracked |  0
|1952|0x00000000fee00000, 0x00000000fee00000, 0x00000000fef00000|  0%| F|  |TAMS 0x00000000fee00000| PB 0x00000000fee00000| Untracked |  0
|1953|0x00000000fef00000, 0x00000000fef00000, 0x00000000ff000000|  0%| F|  |TAMS 0x00000000fef00000| PB 0x00000000fef00000| Untracked |  0
|1954|0x00000000ff000000, 0x00000000ff100000, 0x00000000ff100000|100%| O|  |TAMS 0x00000000ff000000| PB 0x00000000ff000000| Untracked |  0
|1955|0x00000000ff100000, 0x00000000ff200000, 0x00000000ff200000|100%| O|  |TAMS 0x00000000ff100000| PB 0x00000000ff100000| Untracked |  0
|1956|0x00000000ff200000, 0x00000000ff300000, 0x00000000ff300000|100%| O|  |TAMS 0x00000000ff200000| PB 0x00000000ff200000| Untracked |  0
|1957|0x00000000ff300000, 0x00000000ff400000, 0x00000000ff400000|100%| O|  |TAMS 0x00000000ff300000| PB 0x00000000ff300000| Untracked |  0
|1958|0x00000000ff400000, 0x00000000ff500000, 0x00000000ff500000|100%| O|  |TAMS 0x00000000ff400000| PB 0x00000000ff400000| Untracked |  0
|1959|0x00000000ff500000, 0x00000000ff600000, 0x00000000ff600000|100%| O|  |TAMS 0x00000000ff500000| PB 0x00000000ff500000| Untracked |  0
|1960|0x00000000ff600000, 0x00000000ff700000, 0x00000000ff700000|100%| O|  |TAMS 0x00000000ff600000| PB 0x00000000ff600000| Untracked |  0
|1961|0x00000000ff700000, 0x00000000ff800000, 0x00000000ff800000|100%| O|  |TAMS 0x00000000ff700000| PB 0x00000000ff700000| Untracked |  0
|1962|0x00000000ff800000, 0x00000000ff900000, 0x00000000ff900000|100%| O|  |TAMS 0x00000000ff800000| PB 0x00000000ff800000| Untracked |  0
|1963|0x00000000ff900000, 0x00000000ff900000, 0x00000000ffa00000|  0%| F|  |TAMS 0x00000000ff900000| PB 0x00000000ff900000| Untracked |  0
|1964|0x00000000ffa00000, 0x00000000ffa00000, 0x00000000ffb00000|  0%| F|  |TAMS 0x00000000ffa00000| PB 0x00000000ffa00000| Untracked |  0
|1965|0x00000000ffb00000, 0x00000000ffc00000, 0x00000000ffc00000|100%| O|  |TAMS 0x00000000ffb00000| PB 0x00000000ffb00000| Untracked |  0
|1966|0x00000000ffc00000, 0x00000000ffd00000, 0x00000000ffd00000|100%| O|  |TAMS 0x00000000ffc00000| PB 0x00000000ffc00000| Untracked |  0
|1967|0x00000000ffd00000, 0x00000000ffe00000, 0x00000000ffe00000|100%| O|  |TAMS 0x00000000ffd00000| PB 0x00000000ffd00000| Untracked |  0
|1968|0x00000000ffe00000, 0x00000000fff00000, 0x00000000fff00000|100%| O|  |TAMS 0x00000000ffe00000| PB 0x00000000ffe00000| Untracked |  0
|1969|0x00000000fff00000, 0x00000000fff00000, 0x0000000100000000|  0%| F|  |TAMS 0x00000000fff00000| PB 0x00000000fff00000| Untracked |  0

Card table byte_map: [0x000001ec10290000,0x000001ec10670000] _byte_map_base: 0x000001ec0fe69000

Marking Bits: (CMBitMap*) 0x000001ec0411fa50
 Bits: [0x000001ec10670000, 0x000001ec12538000)

Polling page: 0x000001ec03890000

Metaspace:
Metaspace        used 146660K, committed 148672K, reserved 1179648K
 class space     used 21992K, committed 22912K, reserved 1048576K

Usage:
  Non-class:    121.75 MB used.
      Class:     21.48 MB used.
       Both:    143.22 MB used.

Virtual space:
  Non-class space:      128.00 MB reserved,     122.81 MB ( 96%) committed,  2 nodes.
      Class space:        1.00 GB reserved,      22.38 MB (  2%) committed,  1 nodes.
             Both:        1.12 GB reserved,     145.19 MB ( 13%) committed. 

Chunk freelists:
   Non-Class:  5.17 MB
       Class:  9.67 MB
        Both:  14.84 MB

MaxMetaspaceSize: unlimited
CompressedClassSpaceSize: 1.00 GB
Initial GC threshold: 21.00 MB
Current GC threshold: 241.69 MB
CDS: on
 - commit_granule_bytes: 65536.
 - commit_granule_words: 8192.
 - virtual_space_node_default_size: 8388608.
 - enlarge_chunks_in_place: 1.
UseCompressedClassPointers 1, UseCompactObjectHeaders 0
Narrow klass pointer bits 32, Max shift 3
Narrow klass base: 0x0000000023000000, Narrow klass shift: 0
Encoding Range: [0x0000000023000000 - 0x0000000123000000), (4294967296 bytes)
Klass Range:    [0x0000000023010000 - 0x0000000064000000), (1090453504 bytes)
Klass ID Range:  [65536 - 1090519033) (1090453497)
Protection zone: [0x0000000023000000 - 0x0000000023010000), (65536 bytes)


Internal statistics:

num_allocs_failed_limit: 12.
num_arena_births: 4712.
num_arena_deaths: 1526.
num_vsnodes_births: 3.
num_vsnodes_deaths: 0.
num_space_committed: 2323.
num_space_uncommitted: 0.
num_chunks_returned_to_freelist: 1835.
num_chunks_taken_from_freelist: 11576.
num_chunk_merges: 670.
num_chunk_splits: 7375.
num_chunks_enlarged: 4872.
num_inconsistent_stats: 0.

CodeCache: size=49152Kb used=20456Kb max_used=21168Kb free=28695Kb
 bounds [0x000001ec0c950000, 0x000001ec0de00000, 0x000001ec0f950000]
 total_blobs=15548, nmethods=14530, adapters=935, full_count=0
Compilation: enabled, stopped_count=0, restarted_count=0

Compilation events (20 events):
Event: 417.725 Thread 0x000001ec1516c780 20932       1       org.hibernate.bytecode.enhance.internal.bytebuddy.EnhancerImpl$AnnotatedFieldDescription::getType (10 bytes)
Event: 417.725 Thread 0x000001ec1516c780 nmethod 20932 0x000001ec0d3a0808 code [0x000001ec0d3a0900, 0x000001ec0d3a0a00]
Event: 417.725 Thread 0x000001ec1516c780 20933       1       net.bytebuddy.pool.TypePool$Default$LazyTypeDescription::getInterfaces (23 bytes)
Event: 417.725 Thread 0x000001ec15209c40 nmethod 20925 0x000001ec0d3a0188 code [0x000001ec0d3a0280, 0x000001ec0d3a07c0]
Event: 417.725 Thread 0x000001ec1516c780 nmethod 20933 0x000001ec0d39fe88 code [0x000001ec0d39ff80, 0x000001ec0d3a0088]
Event: 417.725 Thread 0x000001ec15209c40 20934       1       net.bytebuddy.implementation.bytecode.member.FieldAccess$AccessDispatcher$FieldGetInstruction::resolveSize (26 bytes)
Event: 417.725 Thread 0x000001ec1516c780 20935       1       net.bytebuddy.dynamic.scaffold.InstrumentedType$Default::getSuperClass (29 bytes)
Event: 417.725 Thread 0x000001ec24359090 nmethod 20928 0x000001ec0d39f908 code [0x000001ec0d39fa00, 0x000001ec0d39fe58]
Event: 417.725 Thread 0x000001ec24359090 20937       1       net.bytebuddy.implementation.bytecode.member.FieldAccess$AccessDispatcher::read (9 bytes)
Event: 417.725 Thread 0x000001ec1516c780 nmethod 20935 0x000001ec0d39f488 code [0x000001ec0d39f580, 0x000001ec0d39f8f8]
Event: 417.726 Thread 0x000001ec15209c40 nmethod 20934 0x000001ec0d39f188 code [0x000001ec0d39f280, 0x000001ec0d39f3c8]
Event: 417.726 Thread 0x000001ec1516c780 20936       1       net.bytebuddy.dynamic.DynamicType$Builder$MethodDefinition$ParameterDefinition$Simple$Annotatable$AbstractBase$Adapter::intercept (11 bytes)
Event: 417.726 Thread 0x000001ec15209c40 20938       1       net.bytebuddy.implementation.bytecode.member.FieldAccess$AccessDispatcher$FieldGetInstruction::getOpcode (11 bytes)
Event: 417.726 Thread 0x000001ec1516c780 nmethod 20936 0x000001ec0d39ee88 code [0x000001ec0d39ef80, 0x000001ec0d39f0a8]
Event: 417.726 Thread 0x000001ec15209c40 nmethod 20938 0x000001ec0d39eb88 code [0x000001ec0d39ec80, 0x000001ec0d39ed58]
Event: 417.726 Thread 0x000001ec24359090 nmethod 20937 0x000001ec0d39e888 code [0x000001ec0d39e980, 0x000001ec0d39eb40]
Event: 417.726 Thread 0x000001ec1516c780 20939       1       org.hibernate.bytecode.enhance.internal.bytebuddy.FieldReaderAppender::hashCode (29 bytes)
Event: 417.726 Thread 0x000001ec1516c780 nmethod 20939 0x000001ec0d39e308 code [0x000001ec0d39e400, 0x000001ec0d39e810]
Event: 417.726 Thread 0x000001ec24359090 20940       1       net.bytebuddy.asm.Advice$ArgumentHandler$ForInstrumentedMethod$Default::returned (49 bytes)
Event: 417.727 Thread 0x000001ec24359090 nmethod 20940 0x000001ec0d39df08 code [0x000001ec0d39e000, 0x000001ec0d39e2f0]

GC Heap Usage History (20 events):
Event: 41.997 {heap After GC invocations=31 (full 0):
 garbage-first heap   total reserved 2017280K, committed 200704K, used 103418K [0x0000000084e00000, 0x0000000100000000)
  region size 1024K, 7 young (7168K), 7 survivors (7168K)
}
Event: 50.463 {heap Before GC invocations=31 (full 0):
 garbage-first heap   total reserved 2017280K, committed 200704K, used 179194K [0x0000000084e00000, 0x0000000100000000)
  region size 1024K, 81 young (82944K), 7 survivors (7168K)
}
Event: 50.479 {heap After GC invocations=32 (full 0):
 garbage-first heap   total reserved 2017280K, committed 200704K, used 105594K [0x0000000084e00000, 0x0000000100000000)
  region size 1024K, 6 young (6144K), 6 survivors (6144K)
}
Event: 66.904 {heap Before GC invocations=32 (full 0):
 garbage-first heap   total reserved 2017280K, committed 200704K, used 180346K [0x0000000084e00000, 0x0000000100000000)
  region size 1024K, 80 young (81920K), 6 survivors (6144K)
}
Event: 66.915 {heap After GC invocations=33 (full 0):
 garbage-first heap   total reserved 2017280K, committed 200704K, used 108861K [0x0000000084e00000, 0x0000000100000000)
  region size 1024K, 7 young (7168K), 7 survivors (7168K)
}
Event: 413.625 {heap Before GC invocations=34 (full 0):
 garbage-first heap   total reserved 2017280K, committed 200704K, used 182589K [0x0000000084e00000, 0x0000000100000000)
  region size 1024K, 80 young (81920K), 7 survivors (7168K)
}
Event: 413.737 {heap After GC invocations=35 (full 0):
 garbage-first heap   total reserved 2017280K, committed 200704K, used 113831K [0x0000000084e00000, 0x0000000100000000)
  region size 1024K, 8 young (8192K), 8 survivors (8192K)
}
Event: 415.457 {heap Before GC invocations=35 (full 0):
 garbage-first heap   total reserved 2017280K, committed 200704K, used 194727K [0x0000000084e00000, 0x0000000100000000)
  region size 1024K, 78 young (79872K), 8 survivors (8192K)
}
Event: 415.498 {heap After GC invocations=36 (full 0):
 garbage-first heap   total reserved 2017280K, committed 227328K, used 141312K [0x0000000084e00000, 0x0000000100000000)
  region size 1024K, 10 young (10240K), 10 survivors (10240K)
}
Event: 416.604 {heap Before GC invocations=36 (full 0):
 garbage-first heap   total reserved 2017280K, committed 227328K, used 196608K [0x0000000084e00000, 0x0000000100000000)
  region size 1024K, 65 young (66560K), 10 survivors (10240K)
}
Event: 416.616 {heap After GC invocations=37 (full 0):
 garbage-first heap   total reserved 2017280K, committed 227328K, used 143604K [0x0000000084e00000, 0x0000000100000000)
  region size 1024K, 6 young (6144K), 6 survivors (6144K)
}
Event: 417.110 {heap Before GC invocations=38 (full 0):
 garbage-first heap   total reserved 2017280K, committed 235520K, used 198900K [0x0000000084e00000, 0x0000000100000000)
  region size 1024K, 64 young (65536K), 6 survivors (6144K)
}
Event: 417.116 {heap After GC invocations=39 (full 0):
 garbage-first heap   total reserved 2017280K, committed 235520K, used 143729K [0x0000000084e00000, 0x0000000100000000)
  region size 1024K, 4 young (4096K), 4 survivors (4096K)
}
Event: 417.270 {heap Before GC invocations=39 (full 0):
 garbage-first heap   total reserved 2017280K, committed 235520K, used 211313K [0x0000000084e00000, 0x0000000100000000)
  region size 1024K, 70 young (71680K), 4 survivors (4096K)
}
Event: 417.280 {heap After GC invocations=40 (full 0):
 garbage-first heap   total reserved 2017280K, committed 235520K, used 140883K [0x0000000084e00000, 0x0000000100000000)
  region size 1024K, 6 young (6144K), 6 survivors (6144K)
}
Event: 417.412 {heap Before GC invocations=40 (full 0):
 garbage-first heap   total reserved 2017280K, committed 235520K, used 212563K [0x0000000084e00000, 0x0000000100000000)
  region size 1024K, 77 young (78848K), 6 survivors (6144K)
}
Event: 417.418 {heap After GC invocations=41 (full 0):
 garbage-first heap   total reserved 2017280K, committed 235520K, used 145738K [0x0000000084e00000, 0x0000000100000000)
  region size 1024K, 8 young (8192K), 8 survivors (8192K)
}
Event: 417.559 {heap Before GC invocations=42 (full 0):
 garbage-first heap   total reserved 2017280K, committed 244736K, used 214346K [0x0000000084e00000, 0x0000000100000000)
  region size 1024K, 76 young (77824K), 8 survivors (8192K)
}
Event: 417.564 {heap After GC invocations=43 (full 0):
 garbage-first heap   total reserved 2017280K, committed 244736K, used 146020K [0x0000000084e00000, 0x0000000100000000)
  region size 1024K, 6 young (6144K), 6 survivors (6144K)
}
Event: 417.728 {heap Before GC invocations=43 (full 0):
 garbage-first heap   total reserved 2017280K, committed 244736K, used 224868K [0x0000000084e00000, 0x0000000100000000)
  region size 1024K, 84 young (86016K), 6 survivors (6144K)
}

Metaspace Usage History (20 events):
Event: 41.997 {metaspace After GC invocations=31 (full 0):
 Metaspace       used 103393K, committed 105216K, reserved 1179648K
  class space    used 15811K, committed 16640K, reserved 1048576K
}
Event: 50.463 {metaspace Before GC invocations=31 (full 0):
 Metaspace       used 114313K, committed 116096K, reserved 1179648K
  class space    used 17369K, committed 18176K, reserved 1048576K
}
Event: 50.479 {metaspace After GC invocations=32 (full 0):
 Metaspace       used 114313K, committed 116096K, reserved 1179648K
  class space    used 17369K, committed 18176K, reserved 1048576K
}
Event: 66.904 {metaspace Before GC invocations=32 (full 0):
 Metaspace       used 127104K, committed 128960K, reserved 1179648K
  class space    used 19291K, committed 20160K, reserved 1048576K
}
Event: 66.915 {metaspace After GC invocations=33 (full 0):
 Metaspace       used 127104K, committed 128960K, reserved 1179648K
  class space    used 19291K, committed 20160K, reserved 1048576K
}
Event: 413.625 {metaspace Before GC invocations=34 (full 0):
 Metaspace       used 138566K, committed 140608K, reserved 1179648K
  class space    used 20872K, committed 21824K, reserved 1048576K
}
Event: 413.737 {metaspace After GC invocations=35 (full 0):
 Metaspace       used 138566K, committed 140608K, reserved 1179648K
  class space    used 20872K, committed 21824K, reserved 1048576K
}
Event: 415.457 {metaspace Before GC invocations=35 (full 0):
 Metaspace       used 144669K, committed 146688K, reserved 1179648K
  class space    used 21672K, committed 22592K, reserved 1048576K
}
Event: 415.498 {metaspace After GC invocations=36 (full 0):
 Metaspace       used 144669K, committed 146688K, reserved 1179648K
  class space    used 21672K, committed 22592K, reserved 1048576K
}
Event: 416.604 {metaspace Before GC invocations=36 (full 0):
 Metaspace       used 146316K, committed 148416K, reserved 1179648K
  class space    used 21960K, committed 22912K, reserved 1048576K
}
Event: 416.616 {metaspace After GC invocations=37 (full 0):
 Metaspace       used 146316K, committed 148416K, reserved 1179648K
  class space    used 21960K, committed 22912K, reserved 1048576K
}
Event: 417.110 {metaspace Before GC invocations=38 (full 0):
 Metaspace       used 145556K, committed 148480K, reserved 1179648K
  class space    used 21755K, committed 22912K, reserved 1048576K
}
Event: 417.116 {metaspace After GC invocations=39 (full 0):
 Metaspace       used 145556K, committed 148480K, reserved 1179648K
  class space    used 21755K, committed 22912K, reserved 1048576K
}
Event: 417.270 {metaspace Before GC invocations=39 (full 0):
 Metaspace       used 145987K, committed 148480K, reserved 1179648K
  class space    used 21847K, committed 22912K, reserved 1048576K
}
Event: 417.280 {metaspace After GC invocations=40 (full 0):
 Metaspace       used 145987K, committed 148480K, reserved 1179648K
  class space    used 21847K, committed 22912K, reserved 1048576K
}
Event: 417.413 {metaspace Before GC invocations=40 (full 0):
 Metaspace       used 146145K, committed 148480K, reserved 1179648K
  class space    used 21884K, committed 22912K, reserved 1048576K
}
Event: 417.418 {metaspace After GC invocations=41 (full 0):
 Metaspace       used 146145K, committed 148480K, reserved 1179648K
  class space    used 21884K, committed 22912K, reserved 1048576K
}
Event: 417.559 {metaspace Before GC invocations=42 (full 0):
 Metaspace       used 146204K, committed 148480K, reserved 1179648K
  class space    used 21895K, committed 22912K, reserved 1048576K
}
Event: 417.564 {metaspace After GC invocations=43 (full 0):
 Metaspace       used 146204K, committed 148480K, reserved 1179648K
  class space    used 21895K, committed 22912K, reserved 1048576K
}
Event: 417.728 {metaspace Before GC invocations=43 (full 0):
 Metaspace       used 146660K, committed 148672K, reserved 1179648K
  class space    used 21992K, committed 22912K, reserved 1048576K
}

Dll operation events (12 events):
Event: 0.077 Loaded shared library C:\Program Files\Java\jdk-25.0.2\bin\java.dll
Event: 0.240 Loaded shared library C:\Program Files\Java\jdk-25.0.2\bin\zip.dll
Event: 0.247 Loaded shared library C:\Program Files\Java\jdk-25.0.2\bin\instrument.dll
Event: 0.257 Loaded shared library C:\Program Files\Java\jdk-25.0.2\bin\net.dll
Event: 0.266 Loaded shared library C:\Program Files\Java\jdk-25.0.2\bin\nio.dll
Event: 0.270 Loaded shared library C:\Program Files\Java\jdk-25.0.2\bin\zip.dll
Event: 0.489 Loaded shared library C:\Program Files\Java\jdk-25.0.2\bin\jimage.dll
Event: 4.371 Loaded shared library C:\Program Files\Java\jdk-25.0.2\bin\verify.dll
Event: 12.482 Loaded shared library C:\Program Files\Java\jdk-25.0.2\bin\management.dll
Event: 12.500 Loaded shared library C:\Program Files\Java\jdk-25.0.2\bin\management_ext.dll
Event: 30.558 Loaded shared library C:\Program Files\Java\jdk-25.0.2\bin\sunmscapi.dll
Event: 30.612 Loaded shared library C:\Program Files\Java\jdk-25.0.2\bin\extnet.dll

Deoptimization events (20 events):
Event: 417.251 Thread 0x000001ec1aa240a0 DEOPT PACKING pc=0x000001ec0cd6aed4 sp=0x000000ce88afe7b0
Event: 417.251 Thread 0x000001ec1aa240a0 DEOPT UNPACKING pc=0x000001ec0c9a1702 sp=0x000000ce88afdc78 mode 1
Event: 417.251 Thread 0x000001ec1aa240a0 DEOPT PACKING pc=0x000001ec0ce72e2c sp=0x000000ce88afe840
Event: 417.251 Thread 0x000001ec1aa240a0 DEOPT UNPACKING pc=0x000001ec0c9a1702 sp=0x000000ce88afddc0 mode 1
Event: 417.251 Thread 0x000001ec1aa240a0 DEOPT PACKING pc=0x000001ec0cc2bb74 sp=0x000000ce88afe9b0
Event: 417.251 Thread 0x000001ec1aa240a0 DEOPT UNPACKING pc=0x000001ec0c9a1702 sp=0x000000ce88afded0 mode 1
Event: 417.251 Thread 0x000001ec1aa240a0 DEOPT PACKING pc=0x000001ec0d523e8c sp=0x000000ce88afeac0
Event: 417.251 Thread 0x000001ec1aa240a0 DEOPT UNPACKING pc=0x000001ec0c9a1702 sp=0x000000ce88afdf78 mode 1
Event: 417.557 Thread 0x000001ec1da39800 DEOPT PACKING pc=0x000001ec0d01f904 sp=0x000000ce8a0fe8a0
Event: 417.557 Thread 0x000001ec1da39800 DEOPT UNPACKING pc=0x000001ec0c9a1702 sp=0x000000ce8a0fdd80 mode 1
Event: 417.557 Thread 0x000001ec1da39800 DEOPT PACKING pc=0x000001ec0d53835c sp=0x000000ce8a0fe960
Event: 417.558 Thread 0x000001ec1aa267b0 DEOPT PACKING pc=0x000001ec0d01f904 sp=0x000000ce891fe690
Event: 417.558 Thread 0x000001ec1aa267b0 DEOPT UNPACKING pc=0x000001ec0c9a1702 sp=0x000000ce891fdb70 mode 1
Event: 417.558 Thread 0x000001ec1aa267b0 DEOPT PACKING pc=0x000001ec0d53835c sp=0x000000ce891fe750
Event: 417.558 Thread 0x000001ec1aa267b0 DEOPT UNPACKING pc=0x000001ec0c9a1702 sp=0x000000ce891fdc60 mode 1
Event: 417.558 Thread 0x000001ec1da39800 DEOPT UNPACKING pc=0x000001ec0c9a1702 sp=0x000000ce8a0fde70 mode 1
Event: 417.568 Thread 0x000001ec1aa25810 DEOPT PACKING pc=0x000001ec0d01f904 sp=0x000000ce88efe4c0
Event: 417.568 Thread 0x000001ec1aa25810 DEOPT UNPACKING pc=0x000001ec0c9a1702 sp=0x000000ce88efd9a0 mode 1
Event: 417.568 Thread 0x000001ec1aa25810 DEOPT PACKING pc=0x000001ec0d53835c sp=0x000000ce88efe580
Event: 417.568 Thread 0x000001ec1aa25810 DEOPT UNPACKING pc=0x000001ec0c9a1702 sp=0x000000ce88efda80 mode 1

Classes loaded (20 events):
Event: 414.369 Loading class jdk/internal/loader/URLClassPath$FileLoader
Event: 414.376 Loading class jdk/internal/loader/URLClassPath$FileLoader done
Event: 414.519 Loading class java/lang/UnsupportedClassVersionError
Event: 414.519 Loading class java/lang/UnsupportedClassVersionError done
Event: 414.619 Loading class sun/nio/fs/WindowsFileStore
Event: 414.620 Loading class sun/nio/fs/WindowsFileStore done
Event: 415.368 Loading class java/nio/file/FileTreeWalker$1
Event: 415.368 Loading class java/nio/file/FileTreeWalker$1 done
Event: 415.438 Loading class java/util/stream/IntStream$1
Event: 415.439 Loading class java/util/Spliterators$AbstractIntSpliterator
Event: 415.439 Loading class java/util/Spliterators$AbstractIntSpliterator done
Event: 415.439 Loading class java/util/stream/IntStream$1 done
Event: 415.439 Loading class java/util/Spliterators$2Adapter
Event: 415.439 Loading class java/util/PrimitiveIterator$OfInt
Event: 415.440 Loading class java/util/PrimitiveIterator
Event: 415.440 Loading class java/util/PrimitiveIterator done
Event: 415.440 Loading class java/util/PrimitiveIterator$OfInt done
Event: 415.440 Loading class java/util/Spliterators$2Adapter done
Event: 415.684 Loading class java/util/function/ToIntBiFunction
Event: 415.685 Loading class java/util/function/ToIntBiFunction done

Classes unloaded (20 events):
Event: 416.839 Thread 0x000001ec151481f0 Unloading class 0x0000000024053800 'java/lang/invoke/LambdaForm$MH+0x0000000024053800'
Event: 416.839 Thread 0x000001ec151481f0 Unloading class 0x0000000024053000 'java/lang/invoke/LambdaForm$MH+0x0000000024053000'
Event: 416.839 Thread 0x000001ec151481f0 Unloading class 0x0000000024052c00 'java/lang/invoke/LambdaForm$MH+0x0000000024052c00'
Event: 416.839 Thread 0x000001ec151481f0 Unloading class 0x0000000024052400 'java/lang/invoke/LambdaForm$MH+0x0000000024052400'
Event: 416.839 Thread 0x000001ec151481f0 Unloading class 0x0000000024042000 'java/lang/invoke/LambdaForm$MH+0x0000000024042000'
Event: 416.839 Thread 0x000001ec151481f0 Unloading class 0x0000000024041c00 'java/lang/invoke/LambdaForm$MH+0x0000000024041c00'
Event: 416.839 Thread 0x000001ec151481f0 Unloading class 0x0000000024041800 'java/lang/invoke/LambdaForm$MH+0x0000000024041800'
Event: 416.839 Thread 0x000001ec151481f0 Unloading class 0x0000000024041000 'java/lang/invoke/LambdaForm$MH+0x0000000024041000'
Event: 417.481 Thread 0x000001ec151481f0 Unloading class 0x0000000025509400 'java/lang/invoke/LambdaForm$MH+0x0000000025509400'
Event: 417.481 Thread 0x000001ec151481f0 Unloading class 0x0000000025508800 'java/lang/invoke/LambdaForm$MH+0x0000000025508800'
Event: 417.481 Thread 0x000001ec151481f0 Unloading class 0x0000000025508400 'java/lang/invoke/LambdaForm$BMH+0x0000000025508400'
Event: 417.481 Thread 0x000001ec151481f0 Unloading class 0x00000000254f5000 'java/lang/invoke/LambdaForm$MH+0x00000000254f5000'
Event: 417.481 Thread 0x000001ec151481f0 Unloading class 0x00000000254f4c00 'java/lang/invoke/LambdaForm$BMH+0x00000000254f4c00'
Event: 417.481 Thread 0x000001ec151481f0 Unloading class 0x00000000254f4400 'java/lang/invoke/LambdaForm$MH+0x00000000254f4400'
Event: 417.481 Thread 0x000001ec151481f0 Unloading class 0x00000000254f4000 'java/lang/invoke/LambdaForm$BMH+0x00000000254f4000'
Event: 417.481 Thread 0x000001ec151481f0 Unloading class 0x00000000254ed000 'java/lang/invoke/LambdaForm$MH+0x00000000254ed000'
Event: 417.481 Thread 0x000001ec151481f0 Unloading class 0x00000000254ecc00 'java/lang/invoke/LambdaForm$MH+0x00000000254ecc00'
Event: 417.481 Thread 0x000001ec151481f0 Unloading class 0x00000000254ec800 'java/lang/invoke/LambdaForm$MH+0x00000000254ec800'
Event: 417.481 Thread 0x000001ec151481f0 Unloading class 0x00000000254ec400 'java/lang/invoke/LambdaForm$MH+0x00000000254ec400'
Event: 417.481 Thread 0x000001ec151481f0 Unloading class 0x0000000025304000 'java/lang/invoke/LambdaForm$MH+0x0000000025304000'

Classes redefined (0 events):
No events

Internal exceptions (20 events):
Event: 416.709 Thread 0x000001ec1aa29690 Exception <a 'sun/nio/fs/WindowsException'{0x0000000090c5c9c0}> (0x0000000090c5c9c0) 
thrown [s\open\src\hotspot\share\prims\jni.cpp, line 516]
Event: 417.158 Thread 0x000001ec1aa286f0 Exception <a 'java/lang/NoSuchMethodError'{0x0000000090430440}: 'java.lang.Object java.lang.invoke.DelegatingMethodHandle$Holder.reinvoke_L(java.lang.Object, java.lang.Object, java.lang.Object, java.lang.Object, java.lang.Object, java.lang.Object, java.lang.Object, java.lang.Object, java.lang.Object, java.lang.Object, java.lang.Object, java.lang.Object, java.lang.Object, java.lang.Object, java.lang.Object, java.lang.Object, java.lang.Object, java.lang.Object, java.lang.Object, java.lang.Object, java.lang.O
Event: 417.245 Thread 0x000001ec250f3800 Exception <a 'sun/nio/fs/WindowsException'{0x000000008e6fded8}> (0x000000008e6fded8) 
thrown [s\open\src\hotspot\share\prims\jni.cpp, line 516]
Event: 417.247 Thread 0x000001ec250f3800 Exception <a 'java/lang/NoSuchMethodError'{0x000000008e59d2c8}: 'java.lang.Object java.lang.invoke.DelegatingMethodHandle$Holder.reinvoke_L(java.lang.Object, java.lang.Object, java.lang.Object, java.lang.Object, java.lang.Object, java.lang.Object, java.lang.Object, java.lang.Object, java.lang.Object, java.lang.Object, java.lang.Object, java.lang.Object, java.lang.Object, java.lang.Object)'> (0x000000008e59d2c8) 
thrown [s\open\src\hotspot\share\interpreter\linkResolver.cpp, line 804]
Event: 417.248 Thread 0x000001ec1aa240a0 Exception <a 'sun/nio/fs/WindowsException'{0x000000008e5309e0}> (0x000000008e5309e0) 
thrown [s\open\src\hotspot\share\prims\jni.cpp, line 516]
Event: 417.251 Thread 0x000001ec1aa240a0 Exception <a 'sun/nio/fs/WindowsException'{0x000000008e3cbfd0}> (0x000000008e3cbfd0) 
thrown [s\open\src\hotspot\share\prims\jni.cpp, line 516]
Event: 417.251 Thread 0x000001ec1aa240a0 Exception <a 'sun/nio/fs/WindowsException'{0x000000008e3cd000}> (0x000000008e3cd000) 
thrown [s\open\src\hotspot\share\prims\jni.cpp, line 516]
Event: 417.251 Thread 0x000001ec1aa240a0 Exception <a 'sun/nio/fs/WindowsException'{0x000000008e3d0368}> (0x000000008e3d0368) 
thrown [s\open\src\hotspot\share\prims\jni.cpp, line 516]
Event: 417.251 Thread 0x000001ec1aa240a0 Exception <a 'sun/nio/fs/WindowsException'{0x000000008e3d13b0}> (0x000000008e3d13b0) 
thrown [s\open\src\hotspot\share\prims\jni.cpp, line 516]
Event: 417.341 Thread 0x000001ec1d2e2870 Exception <a 'java/lang/NoSuchMethodError'{0x0000000091878648}: 'void java.lang.invoke.DelegatingMethodHandle$Holder.reinvoke_L(java.lang.Object, java.lang.Object, java.lang.Object, java.lang.Object, java.lang.Object, java.lang.Object, java.lang.Object, java.lang.Object, java.lang.Object, java.lang.Object, java.lang.Object, java.lang.Object, java.lang.Object, java.lang.Object, java.lang.Object)'> (0x0000000091878648) 
thrown [s\open\src\hotspot\share\interpreter\linkResolver.cpp, line 804]
Event: 417.353 Thread 0x000001ec1d2e2870 Exception <a 'java/lang/NoSuchMethodError'{0x000000009168c6f0}: 'void java.lang.invoke.DelegatingMethodHandle$Holder.reinvoke_L(java.lang.Object, java.lang.Object, java.lang.Object, java.lang.Object, java.lang.Object, java.lang.Object, java.lang.Object, java.lang.Object, java.lang.Object, java.lang.Object, java.lang.Object, java.lang.Object, java.lang.Object, java.lang.Object, java.lang.Object, java.lang.Object, java.lang.Object, java.lang.Object, java.lang.Object)'> (0x000000009168c6f0) 
thrown [s\open\sr
Event: 417.566 Thread 0x000001ec1aa24870 Exception <a 'java/lang/NoSuchMethodError'{0x00000000ffabc2f0}: 'void java.lang.invoke.DelegatingMethodHandle$Holder.reinvoke_L(java.lang.Object, java.lang.Object, java.lang.Object, java.lang.Object, java.lang.Object, java.lang.Object, java.lang.Object, java.lang.Object, java.lang.Object, java.lang.Object, java.lang.Object, java.lang.Object, java.lang.Object, java.lang.Object, java.lang.Object, java.lang.Object, java.lang.Object, java.lang.Object, java.lang.Object, java.lang.Object, java.lang.Object, java.
Event: 417.567 Thread 0x000001ec1aa24870 Exception <a 'java/lang/NoSuchMethodError'{0x00000000ff914f78}: 'java.lang.Object java.lang.invoke.Invokers$Holder.invoker(java.lang.Object, java.lang.Object, java.lang.Object, java.lang.Object, java.lang.Object, java.lang.Object, java.lang.Object, java.lang.Object, java.lang.Object, java.lang.Object, java.lang.Object, java.lang.Object, java.lang.Object, java.lang.Object, java.lang.Object, java.lang.Object, java.lang.Object, java.lang.Object, java.lang.Object, java.lang.Object, java.lang.Object, java.lang.
Event: 417.568 Thread 0x000001ec1aa24870 Exception <a 'java/lang/NoSuchMethodError'{0x00000000fee002f0}: 'java.lang.Object java.lang.invoke.DelegatingMethodHandle$Holder.delegate(java.lang.Object, java.lang.Object, java.lang.Object, java.lang.Object, java.lang.Object, java.lang.Object, java.lang.Object, java.lang.Object, java.lang.Object, java.lang.Object, java.lang.Object, java.lang.Object, java.lang.Object, java.lang.Object, java.lang.Object, java.lang.Object, java.lang.Object, java.lang.Object, java.lang.Object, java.lang.Object, java.lang.Obj
Event: 417.620 Thread 0x000001ec1b5ed620 Exception <a 'java/lang/NoSuchMethodError'{0x0000000091b90910}: 'void java.lang.invoke.DirectMethodHandle$Holder.invokeSpecial(java.lang.Object, java.lang.Object, java.lang.Object, java.lang.Object, java.lang.Object, java.lang.Object, java.lang.Object, java.lang.Object, java.lang.Object, java.lang.Object, java.lang.Object, java.lang.Object, java.lang.Object, java.lang.Object, java.lang.Object, java.lang.Object, java.lang.Object, java.lang.Object, java.lang.Object, java.lang.Object, java.lang.Object, java.l
Event: 417.620 Thread 0x000001ec1b5ed620 Exception <a 'java/lang/NoSuchMethodError'{0x0000000091b9a268}: 'void java.lang.invoke.DelegatingMethodHandle$Holder.reinvoke_L(java.lang.Object, java.lang.Object, java.lang.Object, java.lang.Object, java.lang.Object, java.lang.Object, java.lang.Object, java.lang.Object, java.lang.Object, java.lang.Object, java.lang.Object, java.lang.Object, java.lang.Object, java.lang.Object, java.lang.Object, java.lang.Object, java.lang.Object, java.lang.Object, java.lang.Object, java.lang.Object, java.lang.Object, java.
Event: 417.621 Thread 0x000001ec1b5ed620 Exception <a 'java/lang/NoSuchMethodError'{0x0000000091bae900}: 'java.lang.Object java.lang.invoke.DirectMethodHandle$Holder.invokeSpecial(java.lang.Object, java.lang.Object, java.lang.Object, java.lang.Object, java.lang.Object, java.lang.Object, java.lang.Object, java.lang.Object, java.lang.Object, java.lang.Object, java.lang.Object, java.lang.Object, java.lang.Object, java.lang.Object, java.lang.Object, java.lang.Object, java.lang.Object, java.lang.Object, java.lang.Object, java.lang.Object, java.lang.Ob
Event: 417.621 Thread 0x000001ec1b5ed620 Exception <a 'java/lang/NoSuchMethodError'{0x0000000091bb8360}: 'java.lang.Object java.lang.invoke.Invokers$Holder.invoker(java.lang.Object, java.lang.Object, java.lang.Object, java.lang.Object, java.lang.Object, java.lang.Object, java.lang.Object, java.lang.Object, java.lang.Object, java.lang.Object, java.lang.Object, java.lang.Object, java.lang.Object, java.lang.Object, java.lang.Object, java.lang.Object, java.lang.Object, java.lang.Object, java.lang.Object, java.lang.Object, java.lang.Object, java.lang.
Event: 417.621 Thread 0x000001ec1b5ed620 Exception <a 'java/lang/NoSuchMethodError'{0x0000000091bef938}: 'java.lang.Object java.lang.invoke.DirectMethodHandle$Holder.invokeSpecial(java.lang.Object, java.lang.Object, java.lang.Object, java.lang.Object, java.lang.Object, java.lang.Object, java.lang.Object, java.lang.Object, java.lang.Object, java.lang.Object, java.lang.Object, java.lang.Object, java.lang.Object, java.lang.Object, java.lang.Object, java.lang.Object, java.lang.Object, java.lang.Object, java.lang.Object, java.lang.Object, java.lang.Ob
Event: 417.621 Thread 0x000001ec1b5ed620 Exception <a 'java/lang/NoSuchMethodError'{0x0000000091bf9670}: 'java.lang.Object java.lang.invoke.DelegatingMethodHandle$Holder.delegate(java.lang.Object, java.lang.Object, java.lang.Object, java.lang.Object, java.lang.Object, java.lang.Object, java.lang.Object, java.lang.Object, java.lang.Object, java.lang.Object, java.lang.Object, java.lang.Object, java.lang.Object, java.lang.Object, java.lang.Object, java.lang.Object, java.lang.Object, java.lang.Object, java.lang.Object, java.lang.Object, java.lang.Obj

VM Operations (20 events):
Event: 415.672 Executing non-safepoint VM operation: HandshakeAllThreads (Deoptimize) done
Event: 416.604 Executing safepoint VM operation: G1TryInitiateConcMark (CodeCache GC Threshold)
Event: 416.616 Executing safepoint VM operation: G1TryInitiateConcMark (CodeCache GC Threshold) done
Event: 416.828 Executing safepoint VM operation: G1PauseRemark
Event: 417.075 Executing safepoint VM operation: G1PauseRemark done
Event: 417.105 Executing safepoint VM operation: G1PauseCleanup
Event: 417.105 Executing safepoint VM operation: G1PauseCleanup done
Event: 417.110 Executing safepoint VM operation: G1CollectForAllocation (G1 Evacuation Pause)
Event: 417.116 Executing safepoint VM operation: G1CollectForAllocation (G1 Evacuation Pause) done
Event: 417.270 Executing safepoint VM operation: G1CollectForAllocation (G1 Evacuation Pause)
Event: 417.280 Executing safepoint VM operation: G1CollectForAllocation (G1 Evacuation Pause) done
Event: 417.412 Executing safepoint VM operation: G1CollectForAllocation (G1 Evacuation Pause)
Event: 417.419 Executing safepoint VM operation: G1CollectForAllocation (G1 Evacuation Pause) done
Event: 417.479 Executing safepoint VM operation: G1PauseRemark
Event: 417.495 Executing safepoint VM operation: G1PauseRemark done
Event: 417.520 Executing safepoint VM operation: G1PauseCleanup
Event: 417.520 Executing safepoint VM operation: G1PauseCleanup done
Event: 417.558 Executing safepoint VM operation: G1CollectForAllocation (G1 Evacuation Pause)
Event: 417.564 Executing safepoint VM operation: G1CollectForAllocation (G1 Evacuation Pause) done
Event: 417.727 Executing safepoint VM operation: G1CollectForAllocation (G1 Evacuation Pause)

Memory protections (0 events):
No events

Nmethod flushes (20 events):
Event: 417.492 Thread 0x000001ec151481f0 flushing  nmethod 0x000001ec0cf2ee88
Event: 417.492 Thread 0x000001ec151481f0 flushing  nmethod 0x000001ec0cfe0108
Event: 417.492 Thread 0x000001ec151481f0 flushing  nmethod 0x000001ec0dc75108
Event: 417.492 Thread 0x000001ec151481f0 flushing  nmethod 0x000001ec0dc77d88
Event: 417.492 Thread 0x000001ec151481f0 flushing  nmethod 0x000001ec0dc79308
Event: 417.492 Thread 0x000001ec151481f0 flushing  nmethod 0x000001ec0dc6b088
Event: 417.492 Thread 0x000001ec151481f0 flushing  nmethod 0x000001ec0db08c88
Event: 417.492 Thread 0x000001ec151481f0 flushing  nmethod 0x000001ec0db0ae08
Event: 417.492 Thread 0x000001ec151481f0 flushing  nmethod 0x000001ec0db11008
Event: 417.492 Thread 0x000001ec151481f0 flushing  nmethod 0x000001ec0dc96a88
Event: 417.492 Thread 0x000001ec151481f0 flushing  nmethod 0x000001ec0d007308
Event: 417.493 Thread 0x000001ec151481f0 flushing  nmethod 0x000001ec0dc64108
Event: 417.493 Thread 0x000001ec151481f0 flushing  nmethod 0x000001ec0dc68708
Event: 417.493 Thread 0x000001ec151481f0 flushing  nmethod 0x000001ec0dc68d08
Event: 417.493 Thread 0x000001ec151481f0 flushing  nmethod 0x000001ec0daf6b08
Event: 417.493 Thread 0x000001ec151481f0 flushing  nmethod 0x000001ec0dc7c288
Event: 417.493 Thread 0x000001ec151481f0 flushing  nmethod 0x000001ec0dac2088
Event: 417.493 Thread 0x000001ec151481f0 flushing  nmethod 0x000001ec0cfd5a08
Event: 417.493 Thread 0x000001ec151481f0 flushing  nmethod 0x000001ec0dce8888
Event: 417.493 Thread 0x000001ec151481f0 flushing  nmethod 0x000001ec0dce9788

Events (20 events):
Event: 416.485 Thread 0x000001ec1d90f080 Thread added: 0x000001ec1d2e66f0
Event: 416.485 Thread 0x000001ec1d90f080 Thread added: 0x000001ec1aa240a0
Event: 416.485 Thread 0x000001ec1d90f080 Thread added: 0x000001ec1aa238d0
Event: 416.485 Thread 0x000001ec1d90f080 Thread added: 0x000001ec1aa23100
Event: 416.485 Thread 0x000001ec1d90f080 Thread added: 0x000001ec1aa25040
Event: 416.485 Thread 0x000001ec1d90f080 Thread added: 0x000001ec1aa25810
Event: 416.485 Thread 0x000001ec1d90f080 Thread added: 0x000001ec1aa25fe0
Event: 416.486 Thread 0x000001ec1d90f080 Thread added: 0x000001ec1aa22930
Event: 416.486 Thread 0x000001ec1d90f080 Thread added: 0x000001ec1aa267b0
Event: 416.486 Thread 0x000001ec1d90f080 Thread added: 0x000001ec1aa26f80
Event: 416.486 Thread 0x000001ec1d90f080 Thread added: 0x000001ec1aa27750
Event: 416.486 Thread 0x000001ec1d90f080 Thread added: 0x000001ec1aa27f20
Event: 416.486 Thread 0x000001ec1d90f080 Thread added: 0x000001ec1aa24870
Event: 416.486 Thread 0x000001ec1d90f080 Thread added: 0x000001ec1aa286f0
Event: 416.486 Thread 0x000001ec1d90f080 Thread added: 0x000001ec1aa29690
Event: 416.486 Thread 0x000001ec1d90f080 Thread added: 0x000001ec1aa28ec0
Event: 416.486 Thread 0x000001ec1d90f080 Thread added: 0x000001ec1b5eb6e0
Event: 416.486 Thread 0x000001ec1d90f080 Thread added: 0x000001ec1b5ed620
Event: 416.487 Thread 0x000001ec1d90f080 Thread added: 0x000001ec1da39800
Event: 416.488 Thread 0x000001ec1d90f080 Thread added: 0x000001ec1da38090


Dynamic libraries:
0x00007ff66e5c0000 - 0x00007ff66e5d0000 	C:\Program Files\Java\jdk-25.0.2\bin\java.exe
0x00007ffdbf6a0000 - 0x00007ffdbf907000 	C:\Windows\SYSTEM32\ntdll.dll
0x00007ffdbdb60000 - 0x00007ffdbdc29000 	C:\Windows\System32\KERNEL32.DLL
0x00007ffdbcd80000 - 0x00007ffdbd177000 	C:\Windows\System32\KERNELBASE.dll
0x00007ffdb7830000 - 0x00007ffdb784e000 	C:\Program Files\Java\jdk-25.0.2\bin\VCRUNTIME140.dll
0x00007ffdbd2d0000 - 0x00007ffdbd41b000 	C:\Windows\System32\ucrtbase.dll
0x00007ffd9fa50000 - 0x00007ffd9fa67000 	C:\Program Files\Java\jdk-25.0.2\bin\jli.dll
0x00007ffdbf490000 - 0x00007ffdbf656000 	C:\Windows\System32\USER32.dll
0x00007ffdbcd50000 - 0x00007ffdbcd77000 	C:\Windows\System32\win32u.dll
0x00007ffdbdd50000 - 0x00007ffdbdd7b000 	C:\Windows\System32\GDI32.dll
0x00007ffdbcb70000 - 0x00007ffdbcc9c000 	C:\Windows\System32\gdi32full.dll
0x00007ffdbcca0000 - 0x00007ffdbcd43000 	C:\Windows\System32\msvcp_win.dll
0x00007ffd97d90000 - 0x00007ffd98022000 	C:\Windows\WinSxS\amd64_microsoft.windows.common-controls_6595b64144ccf1df_6.0.26100.8457_none_3e0b2faee331e92d\COMCTL32.dll
0x00007ffdbea30000 - 0x00007ffdbead9000 	C:\Windows\System32\msvcrt.dll
0x00007ffdbec50000 - 0x00007ffdbec82000 	C:\Windows\System32\IMM32.DLL
0x00007ffdb0000000 - 0x00007ffdb000c000 	C:\Program Files\Java\jdk-25.0.2\bin\vcruntime140_1.dll
0x00007ffd6ead0000 - 0x00007ffd6eb5d000 	C:\Program Files\Java\jdk-25.0.2\bin\msvcp140.dll
0x00007ffd46800000 - 0x00007ffd4765f000 	C:\Program Files\Java\jdk-25.0.2\bin\server\jvm.dll
0x00007ffdbe570000 - 0x00007ffdbe626000 	C:\Windows\System32\ADVAPI32.dll
0x00007ffdbe6c0000 - 0x00007ffdbe767000 	C:\Windows\System32\sechost.dll
0x00007ffdbdc30000 - 0x00007ffdbdd48000 	C:\Windows\System32\RPCRT4.dll
0x00007ffdbe630000 - 0x00007ffdbe6b0000 	C:\Windows\System32\WS2_32.dll
0x00007ffdbbf30000 - 0x00007ffdbbf8e000 	C:\Windows\SYSTEM32\POWRPROF.dll
0x00007ffdb6010000 - 0x00007ffdb6046000 	C:\Windows\SYSTEM32\WINMM.dll
0x00007ffdaf4f0000 - 0x00007ffdaf4fb000 	C:\Windows\SYSTEM32\VERSION.dll
0x00007ffdbbf10000 - 0x00007ffdbbf24000 	C:\Windows\SYSTEM32\UMPDC.dll
0x00007ffdbae20000 - 0x00007ffdbae3b000 	C:\Windows\SYSTEM32\kernel.appcore.dll
0x00007ffdabd60000 - 0x00007ffdabd6a000 	C:\Program Files\Java\jdk-25.0.2\bin\jimage.dll
0x00007ffdb9c40000 - 0x00007ffdb9e82000 	C:\Windows\SYSTEM32\DBGHELP.DLL
0x00007ffdbd7d0000 - 0x00007ffdbdb53000 	C:\Windows\System32\combase.dll
0x00007ffdbe7b0000 - 0x00007ffdbe889000 	C:\Windows\System32\OLEAUT32.dll
0x00007ffdaef10000 - 0x00007ffdaef4b000 	C:\Windows\SYSTEM32\dbgcore.DLL
0x00007ffdbcac0000 - 0x00007ffdbcb68000 	C:\Windows\System32\bcryptPrimitives.dll
0x00007ffdb77d0000 - 0x00007ffdb77e0000 	C:\Program Files\Java\jdk-25.0.2\bin\instrument.dll
0x00007ffdaabd0000 - 0x00007ffdaabef000 	C:\Program Files\Java\jdk-25.0.2\bin\java.dll
0x00007ffdbe890000 - 0x00007ffdbea27000 	C:\Windows\System32\ole32.dll
0x00007ffdbdd80000 - 0x00007ffdbe4ee000 	C:\Windows\System32\SHELL32.dll
0x00007ffd91240000 - 0x00007ffd9127d000 	C:\Program Files\Java\jdk-25.0.2\bin\jdwp.dll
0x00007ffdbc250000 - 0x00007ffdbcabc000 	C:\Windows\System32\windows.storage.dll
0x00007ffdbd650000 - 0x00007ffdbd746000 	C:\Windows\System32\SHCORE.dll
0x00007ffdbf420000 - 0x00007ffdbf486000 	C:\Windows\System32\shlwapi.dll
0x00007ffdbbff0000 - 0x00007ffdbc019000 	C:\Windows\SYSTEM32\profapi.dll
0x00007ffda9850000 - 0x00007ffda9867000 	C:\Program Files\Java\jdk-25.0.2\bin\zip.dll
0x00007ffda9e30000 - 0x00007ffda9e42000 	C:\Program Files\Java\jdk-25.0.2\bin\net.dll
0x00007ffdbb370000 - 0x00007ffdbb3dc000 	C:\Windows\system32\mswsock.dll
0x00007ffda9bd0000 - 0x00007ffda9be6000 	C:\Program Files\Java\jdk-25.0.2\bin\nio.dll
0x00007ffdac130000 - 0x00007ffdac13c000 	C:\Program Files\Java\jdk-25.0.2\bin\dt_socket.dll
0x00007ffdba860000 - 0x00007ffdba892000 	C:\Windows\SYSTEM32\IPHLPAPI.DLL
0x00007ffdba900000 - 0x00007ffdbaa32000 	C:\Windows\SYSTEM32\DNSAPI.dll
0x00007ffdbe770000 - 0x00007ffdbe77a000 	C:\Windows\System32\NSI.dll
0x00007ffdb4870000 - 0x00007ffdb487b000 	C:\Windows\System32\rasadhlp.dll
0x00007ffdb5bc0000 - 0x00007ffdb5c46000 	C:\Windows\System32\fwpuclnt.dll
0x00007ffdabb50000 - 0x00007ffdabb60000 	C:\Program Files\Java\jdk-25.0.2\bin\verify.dll
0x00007ffdbb770000 - 0x00007ffdbb78b000 	C:\Windows\SYSTEM32\CRYPTSP.dll
0x00007ffdbad80000 - 0x00007ffdbadb9000 	C:\Windows\system32\rsaenh.dll
0x00007ffdbb420000 - 0x00007ffdbb453000 	C:\Windows\SYSTEM32\USERENV.dll
0x00007ffdbbfc0000 - 0x00007ffdbbfea000 	C:\Windows\SYSTEM32\bcrypt.dll
0x00007ffdbb5d0000 - 0x00007ffdbb5dc000 	C:\Windows\SYSTEM32\CRYPTBASE.dll
0x00007ffdaab40000 - 0x00007ffdaab4a000 	C:\Program Files\Java\jdk-25.0.2\bin\management.dll
0x00007ffdaa400000 - 0x00007ffdaa40c000 	C:\Program Files\Java\jdk-25.0.2\bin\management_ext.dll
0x00007ffdbec90000 - 0x00007ffdbec98000 	C:\Windows\System32\PSAPI.DLL
0x00007ffdb0160000 - 0x00007ffdb016e000 	C:\Program Files\Java\jdk-25.0.2\bin\sunmscapi.dll
0x00007ffdbc0d0000 - 0x00007ffdbc248000 	C:\Windows\System32\CRYPT32.dll
0x00007ffdbb8d0000 - 0x00007ffdbb900000 	C:\Windows\SYSTEM32\ncrypt.dll
0x00007ffdbb880000 - 0x00007ffdbb8bf000 	C:\Windows\SYSTEM32\NTASN1.dll
0x00007ffd820e0000 - 0x00007ffd820e8000 	C:\Windows\system32\wshunix.dll
0x00007ffdaabc0000 - 0x00007ffdaabc9000 	C:\Program Files\Java\jdk-25.0.2\bin\extnet.dll
0x00007ffd828a0000 - 0x00007ffd828b8000 	C:\Windows\system32\napinsp.dll
0x00007ffd82960000 - 0x00007ffd82973000 	C:\Windows\System32\winrnr.dll
0x00007ffd82930000 - 0x00007ffd82952000 	C:\Windows\system32\nlansp_c.dll
0x00007ffdb0640000 - 0x00007ffdb0656000 	C:\Windows\system32\wshbth.dll

JVMTI agents:
C:\Users\amand\.m2\repository\io\quarkus\quarkus-class-change-agent\3.31.3\quarkus-class-change-agent-3.31.3.jar path:C:\Program Files\Java\jdk-25.0.2\bin\instrument.dll, loaded, initialized, instrumentlib options:none
jdwp path:C:\Program Files\Java\jdk-25.0.2\bin\jdwp.dll, loaded, initialized, options:transport=dt_socket,address=localhost:5005,server=y,suspend=n

dbghelp: loaded successfully - version: 4.0.5 - missing functions: none
symbol engine: initialized successfully - sym options: 0x614 - pdb path: .;C:\Program Files\Java\jdk-25.0.2\bin;C:\Windows\SYSTEM32;C:\Windows\WinSxS\amd64_microsoft.windows.common-controls_6595b64144ccf1df_6.0.26100.8457_none_3e0b2faee331e92d;C:\Program Files\Java\jdk-25.0.2\bin\server

VM Arguments:
jvm_args: -Dquarkus-internal.serialized-app-model.path=C:\Users\amand\OneDrive\Área de Trabalho\ecommerce-top-admin-main\target\quarkus\bootstrap\dev-app-model.dat -javaagent:C:\Users\amand\.m2\repository\io\quarkus\quarkus-class-change-agent\3.31.3\quarkus-class-change-agent-3.31.3.jar -XX:TieredStopAtLevel=1 -agentlib:jdwp=transport=dt_socket,address=localhost:5005,server=y,suspend=n --add-opens=java.base/java.lang=ALL-UNNAMED -XX:+EnableDynamicAgentLoading -Djava.util.logging.manager=org.jboss.logmanager.LogManager --add-opens=java.base/java.lang.invoke=ALL-UNNAMED --add-exports=java.base/jdk.internal.module=ALL-UNNAMED 
java_command: C:\Users\amand\OneDrive\Área de Trabalho\ecommerce-top-admin-main\target\ecommerce-top-admin-dev.jar
java_class_path (initial): C:\Users\amand\OneDrive\Área de Trabalho\ecommerce-top-admin-main\target\ecommerce-top-admin-dev.jar
Launcher Type: SUN_STANDARD

[Global flags]
     intx CICompilerCount                          = 4                                         {product} {ergonomic}
     uint ConcGCThreads                            = 3                                         {product} {ergonomic}
     bool EnableDynamicAgentLoading                = true                                      {product} {command line}
     uint G1ConcRefinementThreads                  = 10                                        {product} {ergonomic}
   size_t G1HeapRegionSize                         = 1048576                                   {product} {ergonomic}
   size_t InitialHeapSize                          = 130023424                                 {product} {ergonomic}
   size_t MarkStackSize                            = 4194304                                   {product} {ergonomic}
   size_t MarkStackSizeMax                         = 536870912                                 {product} {ergonomic}
   size_t MaxHeapSize                              = 2065694720                                {product} {ergonomic}
   size_t MaxNewSize                               = 1239416832                                {product} {ergonomic}
   size_t MinHeapDeltaBytes                        = 1048576                                   {product} {ergonomic}
   size_t MinHeapSize                              = 8388608                                   {product} {ergonomic}
    uintx NonNMethodCodeHeapSize                   = 4096                                   {pd product} {ergonomic}
    uintx NonProfiledCodeHeapSize                  = 0                                      {pd product} {ergonomic}
     bool ProfileInterpreter                       = false                                  {pd product} {command line}
    uintx ProfiledCodeHeapSize                     = 0                                      {pd product} {ergonomic}
   size_t SoftMaxHeapSize                          = 2065694720                             {manageable} {ergonomic}
     intx TieredStopAtLevel                        = 1                                         {product} {command line}
     bool UseCompressedOops                        = true                           {product lp64_product} {ergonomic}
     bool UseG1GC                                  = true                                      {product} {ergonomic}
     bool UseLargePagesIndividualAllocation        = false                                  {pd product} {ergonomic}

Logging:
Log output configuration:
 #0: stdout all=warning uptime,level,tags foldmultilines=false
 #1: stderr all=off uptime,level,tags foldmultilines=false

Release file:
IMPLEMENTOR="Oracle Corporation" 
JAVA_RUNTIME_VERSION="25.0.2+10-LTS-69" 
JAVA_VERSION="25.0.2" 
JAVA_VERSION_DATE="2026-01-20" 
LIBC="default" 
MODULES="java.base java.compiler java.datatransfer java.xml java.prefs java.desktop java.instrument java.logging java.management java.security.sasl java.naming java.rmi java.management.rmi java.net.http java.scripting java.security.jgss java.transaction.xa java.sql java.sql.rowset java.xml.crypto java.se java.smartcardio jdk.accessibility jdk.internal.jvmstat jdk.attach jdk.charsets jdk.internal.opt jdk.zipfs jdk.compiler jdk.crypto.cryptoki jdk.crypto.ec jdk.crypto.mscapi jdk.dynalink jdk.internal.ed jdk.editpad jdk.internal.vm.ci jdk.graal.compiler jdk.graal.compiler.management jdk.hotspot.agent jdk.httpserver jdk.incubator.vector jdk.internal.le jdk.internal.md jdk.jartool jdk.javadoc jdk.jcmd jdk.management jdk.management.agent jdk.jconsole jdk.jdeps jdk.jdwp.agent jdk.jdi jdk.jfr jdk.jlink jdk.jpackage jdk.jshell jdk.jsobject jdk.jstatd jdk.localedata jdk.management.jfr jdk.naming.dns jdk.naming.rmi jdk.net jdk.nio.mapmode jdk.sctp jdk.security.auth jdk.security.jgss jdk.unsupported jdk.unsupported.desktop jdk.xml.dom" 
OS_ARCH="x86_64" 
OS_NAME="Windows" 
SOURCE=".:git:b75efb40c93a open:git:405a5699ebd0" 

Environment Variables:
PATH=C:\Users\amand\AppData\Local\Programs\Python\Python314\Scripts;C:\Program Files\Common Files\Oracle\Java\javapath;C:\Smart\PB19DKR3;C:\Windows\system32;C:\Windows;C:\Windows\System32\Wbem;C:\Windows\System32\WindowsPowerShell\v1.0\;C:\Windows\System32\OpenSSH\;C:\Program Files\dotnet\;C:\Program Files (x86)\Appeon\Shared\PowerBuilder\;C:\smart\pb6dk;C:\smart\pb12dk;C:\Program Files (x86)\Appeon\Shared\PowerBuilder\;C:\Program Files\PuTTY\;C:\Program Files\Git\cmd;C:\Program Files\nodejs\;C:\Users\amand\AppData\Local\Programs\Python\Launcher\;C:\Users\amand\.local\bin;C:\Program Files\MySQL\MySQL Shell 8.0\bin\;C:\Users\amand\AppData\Local\Microsoft\WindowsApps;C:\Program Files (x86)\Sybase\Shared\PowerBuilder\;c\smart\pb6dk;c\smart\pb12dk;C:\Users\amand\AppData\Local\Programs\Microsoft VS Code\bin;C:\Users\amand\AppData\Roaming\npm
USERNAME=amand
TMPDIR=C:\Users\amand\AppData\Local\Temp\claude
OS=Windows_NT
PROCESSOR_IDENTIFIER=Intel64 Family 6 Model 186 Stepping 3, GenuineIntel
TMP=C:\Users\amand\AppData\Local\Temp
TEMP=C:\Users\amand\AppData\Local\Temp




Compilation memory statistics disabled.

Periodic native trim disabled

---------------  S Y S T E M  ---------------

OS:
 Windows 11 , 64 bit Build 26100 (10.0.26100.8328)
OS uptime: 16 days 4:11 hours
Hyper-V role detected

CPU: total 12 (initial active 12) (6 cores per cpu, 2 threads per core) family 6 model 186 stepping 3 microcode 0x4128, cx8, cmov, fxsr, ht, mmx, 3dnowpref, sse, sse2, sse3, ssse3, sse4.1, sse4.2, popcnt, lzcnt, tsc, tscinvbit, avx, avx2, aes, erms, clmul, bmi1, bmi2, adx, sha, fma, vzeroupper, clflush, clflushopt, clwb, hv, serialize, rdtscp, rdpid, fsrm, gfni, f16c, cet_ibt, cet_ss
Processor Information for the first 12 processors :
  Max Mhz: 1300, Current Mhz: 1300, Mhz Limit: 1300

Memory: 4k page, system-wide physical 7876M (278M free)
TotalPageFile size 32450M (AvailPageFile size 250M)
current process WorkingSet (physical memory assigned to process): 503M, peak: 503M
current process commit charge ("private bytes"): 612M, peak: 952M

vm_info: Java HotSpot(TM) 64-Bit Server VM (25.0.2+10-LTS-69) for windows-amd64 JRE (25.0.2+10-LTS-69), built on 2025-12-18T11:36:35Z with MS VC++ 17.13 (VS2022)

END.
